Date,Portfolio,Market_Excess,SMB,HML,RMW,CMA,RF
2013-01-03,-0.0050657061564524,-0.0014,0.0014,0.0004,0.002,0.0023,2.5e-05
2013-01-04,0.0040237901380193,0.0055,0.0019,0.0043,-0.0037,0.0027,2.5e-05
2013-01-07,0.0044209365232277,-0.0031,-0.0009,-0.0037,-0.0013,-0.0012,2.5e-05
2013-01-08,-0.0046591851333312,-0.0027,0.0004,-0.0007,-0.0012,0.0009,2.5e-05
2013-01-09,0.0046363547269766,0.0034,0.0024,-0.0041,-0.0007,-0.0015,2.5e-05
2013-01-10,0.0077091504546488,0.0066,-0.0059,0.0051,-0.0015,0.0003,2.5e-05
2013-01-11,0.0037771333970563,0.0002,0.0004,-0.0045,0.0019,-0.0021,2.5e-05
2013-01-14,-0.0056277069736642,-0.0006,0.0003,-0.0008,-0.0008,0.0037,2.5e-05
2013-01-15,-0.0052159156314454,0.0019,0.0028,0.0,-0.0005,0.0006,2.5e-05
2013-01-16,0.0010910709060529,-0.0004,-0.0023,0.0023,-0.0006,-0.0003,2.5e-05
2013-01-17,0.0030753373145184,0.0061,0.0039,-0.0009,0.0015,-0.0002,2.5e-05
2013-01-18,0.0042651569021009,0.0029,0.0003,-0.0011,0.0018,0.0027,2.5e-05
2013-01-22,0.0038049943744277,0.0048,0.0022,0.0046,-0.0014,0.0011,2.5e-05
2013-01-23,0.0028307011053415,0.001,-0.0034,-0.0012,-0.0017,-0.0016,2.5e-05
2013-01-24,-0.0085211523861974,0.0009,0.0033,0.0005,-0.0002,0.0053,2.5e-05
2013-01-25,0.0100088941010479,0.0059,-0.0006,-0.0028,-0.0014,-0.0016,2.5e-05
2013-01-28,0.0017777646854202,-0.0014,0.0035,0.0012,0.0002,-0.0005,2.5e-05
2013-01-29,-0.0046625690794347,0.0036,-0.0044,0.0036,-0.001,0.003,2.5e-05
2013-01-30,0.0021881628108928,-0.0038,-0.0089,0.0012,-0.0007,0.0,2.5e-05
2013-01-31,-0.0058564523338036,-0.0008,0.0072,0.0019,-0.0021,0.001,2.5e-05
2013-02-01,0.0031559451213626,0.0099,0.0008,0.0026,-0.0027,-0.0005,2.5e-05
2013-02-04,-0.016873212537926,-0.0119,-0.001,-0.0015,0.0001,0.0002,2.5e-05
2013-02-05,0.0148603279009712,0.0107,-0.0005,0.0018,-0.0002,-0.0011,2.5e-05
2013-02-06,-0.0006220338000658,0.0015,0.003,0.0012,-0.0016,0.0004,2.5e-05
2013-02-07,0.001965953956829,-0.0015,-0.0008,0.0002,0.0017,-0.0004,2.5e-05
2013-02-08,0.0051457851728976,0.0058,0.0003,-0.0021,0.001,-0.0045,2.5e-05
2013-02-11,-0.001552270613649,-0.0008,-0.0003,0.0039,-0.0019,0.0028,2.5e-05
2013-02-12,-0.0018533044782183,0.0016,0.0026,0.0071,-0.0052,0.0045,2.5e-05
2013-02-13,0.0096467170017766,0.0014,0.0008,-0.0002,-0.0005,-0.0006,2.5e-05
2013-02-14,0.0031458311315664,0.0011,0.0032,0.001,-0.0027,-0.002,2.5e-05
2013-02-15,-0.0048690841595943,-0.0011,0.0,-0.001,-0.0004,0.0013,2.5e-05
2013-02-19,0.0122240677292649,0.0074,0.0025,0.0017,-0.0008,0.0034,2.5e-05
2013-02-20,-0.011568767856052,-0.0136,-0.0061,-0.0064,0.0027,0.0011,2.5e-05
2013-02-21,-0.007921036408382,-0.0066,-0.0031,-0.0006,0.0009,0.0025,2.5e-05
2013-02-22,0.0051217310096088,0.0094,0.0017,-0.0006,-0.0009,-0.0013,2.5e-05
2013-02-25,-0.015174522401209,-0.0182,-0.0026,-0.0072,0.0065,-0.0039,2.5e-05
2013-02-26,0.0049933385347067,0.0058,-0.0019,0.0002,-0.0002,0.0022,2.5e-05
2013-02-27,0.0089621104588878,0.0129,-0.0032,0.0016,-0.0021,0.0003,2.5e-05
2013-02-28,-0.0004501449455317,-0.0005,0.001,-0.0016,0.0,0.0,2.5e-05
2013-03-01,0.0014828872135623,0.0022,0.0011,-0.0033,-0.0012,0.0,2.5e-05
2013-03-04,0.0025687623321355,0.0047,-0.0041,0.001,-0.0039,0.0043,2.5e-05
2013-03-05,0.0089619644954544,0.01,0.002,-0.0017,0.0009,0.0,2.5e-05
2013-03-06,-0.0032398631782233,0.0018,0.0015,0.0047,-0.0019,0.0013,2.5e-05
2013-03-07,0.0072405587218979,0.0027,0.0022,0.0042,-0.0015,-0.0002,2.5e-05
2013-03-08,-0.0012246965631332,0.0052,0.0038,-0.0015,-0.0002,0.0003,2.5e-05
2013-03-11,0.000855587410599,0.003,-0.0028,0.0023,0.0005,0.0002,2.5e-05
2013-03-12,-0.0031699693111342,-0.0022,0.0004,-0.0013,0.0029,0.0007,2.5e-05
2013-03-13,-0.0027202045425997,0.002,0.0023,0.0008,0.0012,0.0027,2.5e-05
2013-03-14,0.0030910105066205,0.0058,0.0041,0.0039,-0.0003,-0.0001,2.5e-05
2013-03-15,-0.0058157934275922,-0.0019,0.0013,0.0043,0.0025,0.0,2.5e-05
2013-03-18,-0.0032434808102827,-0.005,0.001,-0.0023,0.0038,-0.0004,2.5e-05
2013-03-19,-0.0009287575319831,-0.0024,-0.0006,0.0003,0.0009,0.0037,2.5e-05
2013-03-20,-0.0010137552728355,0.0076,0.0022,0.0,-0.0029,0.0021,2.5e-05
2013-03-21,-0.0067214117838509,-0.0085,0.0013,-0.0028,0.0001,0.0007,2.5e-05
2013-03-22,0.0093434813510579,0.0062,-0.0052,-0.003,0.0011,-0.0015,2.5e-05
2013-03-25,-0.0050409386393122,-0.0029,0.003,0.0002,0.0014,-0.0003,2.5e-05
2013-03-26,0.0054174664260639,0.0076,-0.0039,-0.0022,0.0007,-0.0004,2.5e-05
2013-03-27,0.0033395550632057,-0.0002,0.0012,-0.003,0.001,-0.001,2.5e-05
2013-03-28,-0.0036822780837781,0.0039,-0.0032,-0.003,-0.0025,0.0009,2.5e-05
2013-04-01,-0.0019744278600426,-0.0057,-0.0092,0.0003,0.0006,0.0026,2.5e-05
2013-04-02,0.0052630799270582,0.0033,-0.009,-0.0032,-0.0004,0.0003,2.5e-05
2013-04-03,-0.0052629464727751,-0.0116,-0.0042,-0.0019,0.005,-0.0012,2.5e-05
2013-04-04,0.006594268277215,0.0042,0.0025,0.0025,-0.0009,0.0027,2.5e-05
2013-04-05,-0.0018726871884018,-0.0041,0.0009,0.0035,-0.001,0.0024,2.5e-05
2013-04-08,0.0005340139874322,0.007,0.0011,0.0028,-0.0031,0.0011,2.5e-05
2013-04-09,0.0051572192442157,0.0031,-0.0041,0.0019,-0.0001,-0.0039,2.5e-05
2013-04-10,0.0160316193089268,0.0128,0.0061,-0.001,-0.001,-0.0007,2.5e-05
2013-04-11,0.0009947158278966,0.0035,-0.0017,-0.0015,0.0007,0.0048,2.5e-05
2013-04-12,-0.0038135655781164,-0.0028,-0.0018,-0.0046,0.0,0.0007,2.5e-05
2013-04-15,-0.020498100344709,-0.0248,-0.0149,-0.0028,0.0004,-0.0005,2.5e-05
2013-04-16,0.0115569505153208,0.0147,0.0015,0.0007,-0.0037,-0.0006,2.5e-05
2013-04-17,-0.015926457425467,-0.0146,-0.0035,-0.0055,0.0012,0.0028,2.5e-05
2013-04-18,-0.0115271235704991,-0.0071,0.002,0.0002,0.0058,0.001,2.5e-05
2013-04-19,0.0052106424689298,0.0097,0.0003,0.0012,-0.0038,0.0019,2.5e-05
2013-04-22,0.0094926342547989,0.0045,-0.0018,-0.0014,0.0031,-0.0029,2.5e-05
2013-04-23,0.0093662061530105,0.0111,0.0053,0.0063,-0.005,0.0025,2.5e-05
2013-04-24,0.0013805161743286,0.0006,0.0051,0.0121,-0.0003,-0.0027,2.5e-05
2013-04-25,0.0047158045314677,0.0049,0.0023,0.0001,-0.0005,-0.0007,2.5e-05
2013-04-26,-0.0030391897626408,-0.002,-0.0035,-0.0022,0.001,0.0009,2.5e-05
2013-04-29,0.0066707372894614,0.0067,0.001,-0.0008,0.0021,-0.0032,2.5e-05
2013-04-30,0.0113130330515959,0.0029,0.0036,-0.0005,0.0019,-0.0029,2.5e-05
2013-05-01,-0.0117744069371625,-0.0108,-0.0146,-0.0027,-0.0007,-0.0011,2.5e-05
2013-05-02,0.0149053469459366,0.0104,0.0055,0.0013,-0.0047,-0.0025,2.5e-05
2013-05-03,0.004033924606878,0.0112,0.006,0.0016,-0.0017,-0.0026,2.5e-05
2013-05-06,-0.0003606421605132,0.0023,0.0029,0.0084,-0.005,0.0007,2.5e-05
2013-05-07,0.0019985905192478,0.0054,0.002,0.0014,0.0025,0.0029,2.5e-05
2013-05-08,0.0060635264106338,0.0044,-0.0017,0.0014,0.0005,-0.0014,2.5e-05
2013-05-09,-0.0018565390964144,-0.0031,0.0007,-0.0029,0.0003,-0.0017,2.5e-05
2013-05-10,-0.0006166267422505,0.0054,0.0041,-0.002,-0.0025,-0.0002,2.5e-05
2013-05-13,0.0029090805340999,-0.0002,-0.0026,-0.0005,-0.0043,0.0007,2.5e-05
2013-05-14,0.0078714275444768,0.011,0.0017,0.003,-0.0025,0.0017,2.5e-05
2013-05-15,-0.0004363605131792,0.0051,-0.0012,0.0027,-0.0008,0.0031,2.5e-05
2013-05-16,-0.0022009257834548,-0.005,0.0017,-0.0027,0.0015,-0.0036,2.5e-05
2013-05-17,0.0112765645113171,0.0104,0.0008,0.0038,0.0006,-0.0016,2.5e-05
2013-05-20,0.0008067270302364,-0.0006,0.0044,0.0049,0.0032,-0.0021,2.5e-05
2013-05-21,0.0007386213281093,0.0016,-0.0007,-0.0008,0.002,0.0021,2.5e-05
2013-05-22,-0.0045797340805054,-0.0092,-0.0073,-0.0017,0.0022,0.0034,2.5e-05
2013-05-23,-0.0045857533857701,-0.0019,0.0049,-0.001,0.0002,0.0008,2.5e-05
2013-05-24,-0.0029502587657533,-0.0006,0.0015,0.0005,-0.0006,0.0,2.5e-05
2013-05-28,0.0054983399595817,0.0077,0.0068,0.0022,-0.0016,-0.0018,2.5e-05
2013-05-29,-0.0072334074057369,-0.007,-0.0025,0.0058,-0.0023,-0.0029,2.5e-05
2013-05-30,0.0094651205782561,0.005,0.0037,0.0048,-0.005,0.0001,2.5e-05
2013-05-31,-0.0100513103775723,-0.0131,0.0048,-0.0024,0.0018,-0.0013,2.5e-05
2013-06-03,0.002692874009196,0.0048,0.0017,-0.0011,0.0026,-0.0006,2.5e-05
2013-06-04,-0.0047861316032373,-0.0055,-0.0026,-0.0016,0.0036,-0.0003,2.5e-05
2013-06-05,-0.0109202992096559,-0.0138,0.0003,-0.0026,0.0012,-0.0015,2.5e-05
2013-06-06,0.004287467447822,0.0089,0.0019,0.0026,-0.0046,0.0035,2.5e-05
2013-06-07,0.0132613202733145,0.013,-0.0045,0.0007,-0.0024,-0.0006,2.5e-05
2013-06-10,0.006694070817861,0.0007,0.0066,0.0021,-0.0025,-0.0011,2.5e-05
2013-06-11,-0.0109715304575058,-0.0104,-0.0002,-0.0058,0.0039,0.0001,2.5e-05
2013-06-12,-0.0069097803993505,-0.0082,0.0004,0.0003,0.0017,0.0015,2.5e-05
2013-06-13,0.0101400956584097,0.0147,0.0014,0.0031,-0.0018,0.0028,2.5e-05
2013-06-14,-0.0087138769946391,-0.0059,-0.0028,-0.0056,0.002,-0.0003,2.5e-05
2013-06-17,0.0102317157466686,0.0074,-0.0009,0.0002,-0.0023,-0.0039,2.5e-05
2013-06-18,0.0081199998341323,0.008,0.0036,-0.0006,-0.0002,0.0003,2.5e-05
2013-06-19,-0.0130847514007154,-0.0128,0.0021,0.0011,-0.0004,-0.0029,2.5e-05
2013-06-20,-0.0218038836653604,-0.0245,0.0002,0.0034,0.0006,-0.0013,2.5e-05
2013-06-21,0.0024056084549088,0.0013,0.0018,-0.0008,-0.0023,0.001,2.5e-05
2013-06-24,-0.0088926051687401,-0.0119,0.0,-0.0066,0.0018,-0.0014,2.5e-05
2013-06-25,0.0089107988266461,0.0096,0.0007,0.0086,-0.003,0.003,2.5e-05
2013-06-26,0.0083271687251903,0.0092,-0.0072,-0.0013,0.0004,0.0018,2.5e-05
2013-06-27,0.0045603204188077,0.0077,0.0085,0.0036,-0.0043,0.0024,2.5e-05
2013-06-28,-0.0012293051992875,-0.0033,0.0031,-0.0014,0.0021,-0.0032,2.5e-05
2013-07-01,0.0051371314036705,0.0071,0.0073,-0.0014,-0.0035,0.0,2.5e-05
2013-07-02,0.0004513167916154,-0.001,0.0003,0.0009,0.0006,-0.0009,2.5e-05
2013-07-03,0.0020583422124116,0.0011,0.0016,-0.0021,0.0017,-0.0006,2.5e-05
2013-07-05,0.007103035770333,0.0111,0.0041,0.0045,-0.0035,0.0014,2.5e-05
2013-07-08,0.007346951962519,0.0053,-0.0014,0.0005,0.002,0.001,2.5e-05
2013-07-09,0.0093951720116447,0.0074,0.0005,0.0026,-0.0001,0.0003,2.5e-05
2013-07-10,0.0010841206600634,0.0006,0.0029,-0.0041,-0.0012,-0.001,2.5e-05
2013-07-11,0.0128288750394952,0.0132,-0.0018,-0.0062,-0.0008,-0.0016,2.5e-05
2013-07-12,0.002278480069791,0.0033,-0.0003,0.002,-0.0066,0.0005,2.5e-05
2013-07-15,0.0017837550929769,0.002,0.0055,0.0034,-0.0002,0.0007,2.5e-05
2013-07-16,0.0016960713215621,-0.0041,0.0004,0.0009,0.0016,0.0027,2.5e-05
2013-07-17,0.0016101070901763,0.003,-0.0004,0.0018,-0.0041,0.0004,2.5e-05
2013-07-18,-0.0010668717393506,0.0054,0.0014,0.0095,-0.0025,0.0021,2.5e-05
2013-07-19,-0.0068852668283904,0.0009,-0.0011,0.0028,-0.0032,0.0047,2.5e-05
2013-07-22,0.0029772615211589,0.0022,0.0011,0.0029,-0.0015,0.0009,2.5e-05
2013-07-23,-0.0022461628690994,-0.0015,0.0009,0.0028,-0.0006,0.0028,2.5e-05
2013-07-24,0.0049566149462686,-0.0039,-0.0029,-0.0026,0.0064,-0.0008,2.5e-05
2013-07-25,0.0325491642034994,0.0042,0.0047,-0.0035,-0.005,-0.0027,2.5e-05
2013-07-26,0.0029415794548704,0.0002,-0.0065,-0.0021,0.0017,-0.002,2.5e-05
2013-07-29,0.0029697888158833,-0.0037,-0.0033,-0.0028,0.0031,-0.0016,2.5e-05
2013-07-30,0.0055283744514418,0.0012,0.0017,-0.0051,0.001,-0.0009,2.5e-05
2013-07-31,-0.0029605491303305,0.0009,0.002,0.0009,0.0002,-0.0006,2.5e-05
2013-08-01,0.0073980202710824,0.014,0.0008,0.0005,-0.0024,-0.0016,2.5e-05
2013-08-02,0.0035811266821468,0.002,-0.0024,-0.0033,-0.0003,-0.0006,2.5e-05
2013-08-05,0.0001337339752685,-0.0007,0.005,-0.0017,-0.0002,-0.0009,2.5e-05
2013-08-06,-0.0062031319010657,-0.0068,-0.0035,-0.001,0.0038,-0.0005,2.5e-05
2013-08-07,0.0008935879055828,-0.0042,-0.0036,0.0002,0.0027,0.0006,2.5e-05
2013-08-08,0.0040774400273772,0.0047,-0.0001,-0.0001,-0.0003,0.0016,2.5e-05
2013-08-09,-0.0059943220152596,-0.0029,0.0013,-0.002,0.0019,-0.0018,2.5e-05
2013-08-12,0.000861784317154,-0.0002,0.0056,-0.0022,0.0017,-0.0008,2.5e-05
2013-08-13,-0.0005545453376609,0.002,-0.0028,-0.0005,0.0006,-0.0011,2.5e-05
2013-08-14,-0.0037064011290665,-0.005,0.0015,0.0028,-0.0003,0.0002,2.5e-05
2013-08-15,-0.0100106045538054,-0.0147,-0.0037,0.0029,-0.0002,0.0002,2.5e-05
2013-08-16,0.0006418653023194,-0.0026,0.0005,0.0009,-0.0017,-0.0013,2.5e-05
2013-08-19,-0.0024403135267163,-0.0062,-0.0026,-0.0075,0.006,-0.0033,2.5e-05
2013-08-20,0.0009886892611428,0.0053,0.0086,0.0013,-0.003,0.0009,2.5e-05
2013-08-21,-0.0055002211271456,-0.0059,-0.0007,-0.0046,-0.0009,-0.0031,2.5e-05
2013-08-22,0.0087769792822237,0.0093,0.005,0.0005,-0.0033,-0.0019,2.5e-05
2013-08-23,0.0170345871072582,0.0038,-0.0026,-0.0014,0.0012,-0.0025,2.5e-05
2013-08-26,-0.0058506582204734,-0.0029,0.0047,-0.005,-0.0013,-0.0025,2.5e-05
2013-08-27,-0.0197869227485619,-0.0175,-0.0074,-0.0032,0.007,0.0004,2.5e-05
2013-08-28,0.005269874266237,0.003,0.0011,0.0008,-0.0005,-0.0009,2.5e-05
2013-08-29,0.0030638035650164,0.0034,0.0074,-0.0041,-0.0034,-0.0024,2.5e-05
2013-08-30,-0.0026353848180298,-0.0047,-0.0114,-0.0022,0.0003,-0.001,2.5e-05
2013-09-03,-0.0008329921841081,0.0046,0.0006,0.001,-0.005,-0.0023,2.5e-05
2013-09-04,0.0064859501308636,0.0083,-0.0001,-0.0015,-0.0017,0.0009,2.5e-05
2013-09-05,0.0006680247001527,0.0019,0.002,0.0037,-0.0021,-0.0008,2.5e-05
2013-09-06,0.0056208064211641,0.0001,0.0001,0.0,-0.0017,-0.0009,2.5e-05
2013-09-09,0.0092507994119553,0.0109,0.0043,-0.0022,-0.0019,-0.0014,2.5e-05
2013-09-10,0.0052211668649364,0.008,0.0006,0.0022,-0.0012,0.0005,2.5e-05
2013-09-11,0.000899108381501,0.0028,-0.0024,0.0001,0.0022,0.0015,2.5e-05
2013-09-12,-0.0032346537261057,-0.0032,-0.0029,-0.0034,0.0015,-0.0015,2.5e-05
2013-09-13,-0.0019119180369526,0.0029,0.0027,-0.0001,0.002,0.0024,2.5e-05
2013-09-16,-0.0049435318789683,0.0049,-0.0038,0.004,0.0,0.0039,2.5e-05
2013-09-17,0.0137355516644042,0.0054,0.0042,-0.0013,-0.0036,-0.0021,2.5e-05
2013-09-18,0.0118981057014134,0.011,-0.0023,-0.0045,0.0005,-0.0018,2.5e-05
2013-09-19,0.0018039310304991,-0.0013,0.001,-0.006,0.0012,-0.0029,2.5e-05
2013-09-20,-0.0035725610230449,-0.0063,0.0051,0.0018,-0.0009,-0.0017,2.5e-05
2013-09-23,-0.0007860178585322,-0.0045,0.0042,-0.0037,0.0063,-0.0023,2.5e-05
2013-09-24,-0.0017038306764341,-0.0012,0.0049,0.0001,-0.0016,0.0,2.5e-05
2013-09-25,0.0010684731244982,-0.0023,0.0011,0.0058,-0.0041,0.0002,2.5e-05
2013-09-26,0.0069894120044775,0.0042,0.0015,-0.0073,0.0019,-0.0032,2.5e-05
2013-09-27,0.0004104233092626,-0.0039,-0.0001,-0.0006,0.0007,-0.0012,2.5e-05
2013-09-30,-0.0083057204944034,-0.0049,0.0051,0.0006,0.0017,0.0004,2.5e-05
2013-10-01,0.0106070643041529,0.009,0.0038,-0.0013,-0.0008,-0.0022,2.5e-05
2013-10-02,0.0023458865803064,-0.001,-0.0033,-0.0008,-0.0009,-0.0008,2.5e-05
2013-10-03,-0.0100213774321441,-0.0088,-0.0017,0.002,0.0005,0.0023,2.5e-05
2013-10-04,0.009388259300203,0.0074,-0.0001,0.001,-0.0027,-0.0014,2.5e-05
2013-10-07,-0.0080003964584584,-0.0095,-0.0029,0.0,0.0012,0.0019,2.5e-05
2013-10-08,-0.0189201788339576,-0.0135,-0.004,0.0076,0.0061,0.0054,2.5e-05
2013-10-09,0.0002187979139297,-0.0005,-0.0036,0.0062,0.0039,0.0034,2.5e-05
2013-10-10,0.0229152755830089,0.0223,0.0019,-0.0002,-0.0034,-0.0028,2.5e-05
2013-10-11,0.0082734180859845,0.0071,0.0076,0.0,0.0008,-0.001,2.5e-05
2013-10-14,0.0032949791546634,0.0044,0.0021,-0.0011,0.0009,-0.0014,2.5e-05
2013-10-15,-0.0041034293828415,-0.0073,-0.0018,0.0001,0.0025,-0.0014,2.5e-05
2013-10-16,0.0142984749489082,0.0137,-0.003,0.0014,-0.0055,-0.001,2.5e-05
2013-10-17,0.0080112389007465,0.007,0.0012,0.0004,-0.0014,0.0007,2.5e-05
2013-10-18,0.0161924209367708,0.0073,0.0027,-0.0005,-0.0007,-0.0049,2.5e-05
2013-10-21,0.0047539283410203,-0.0002,-0.0011,0.0005,0.005,0.0003,2.5e-05
2013-10-22,-0.0013980541982691,0.005,-0.0029,0.0009,0.0022,0.0035,2.5e-05
2013-10-23,-0.008914996098368,-0.0051,0.0016,-0.0033,0.0059,0.0021,2.5e-05
2013-10-24,0.0041206878876749,0.0042,0.0035,-0.003,0.0,-0.0016,2.5e-05
2013-10-25,0.0160250513122148,0.0033,-0.0034,0.0014,0.0016,0.0004,2.5e-05
2013-10-28,-0.0023450294437732,0.0009,-0.0007,0.0002,0.0032,0.0017,2.5e-05
2013-10-29,0.0012349330815053,0.0054,-0.0014,-0.0011,0.0013,0.0029,2.5e-05
2013-10-30,0.0002630508054686,-0.0061,-0.0075,0.0049,0.0047,0.0006,2.5e-05
2013-10-31,0.0001619161395897,-0.0034,-0.0011,-0.0043,0.0035,0.0015,2.5e-05
2013-11-01,0.0023297163054545,0.002,-0.0065,0.0022,0.002,0.0029,2.5e-05
2013-11-04,0.0008250418112796,0.0047,0.0075,-0.0003,0.0008,-0.0004,2.5e-05
2013-11-05,0.002857315383587,-0.0023,-0.0001,-0.0025,0.0021,-0.001,2.5e-05
2013-11-06,0.0103506810964314,0.0027,-0.0081,0.0039,0.0029,0.0017,2.5e-05
2013-11-07,-0.0168178273091633,-0.0146,-0.0033,0.0018,0.0014,0.0031,2.5e-05
2013-11-08,0.0142917167809949,0.0145,0.0059,0.0041,-0.0053,-0.0006,2.5e-05
2013-11-11,-0.0024585285468728,0.0012,0.0005,-0.0013,-0.0002,-0.0003,2.5e-05
2013-11-12,-0.0018741954939638,-0.0019,0.0034,-0.007,0.0058,0.0014,2.5e-05
2013-11-13,0.0097321202653136,0.009,0.0006,-0.0012,-0.0041,-0.0021,2.5e-05
2013-11-14,0.006935741808265,0.0043,-0.0057,0.0031,-0.0005,0.0002,2.5e-05
2013-11-15,0.0050648860888478,0.0043,0.0006,-0.0027,0.0005,-0.0004,2.5e-05
2013-11-18,-0.0088540932000325,-0.005,-0.0038,0.0045,0.0044,0.0029,2.5e-05
2013-11-19,0.0016052115459508,-0.0027,-0.003,0.0026,0.0004,0.0,2.5e-05
2013-11-20,-0.0024026427330933,-0.0033,0.0026,0.0003,0.0,-0.0003,2.5e-05
2013-11-21,0.006644137996707,0.0097,0.0081,-0.0006,-0.0045,-0.0031,2.5e-05
2013-11-22,0.002877754019132,0.005,-0.0009,0.0011,-0.0008,-0.0004,2.5e-05
2013-11-25,-0.0017361034380203,-0.0011,0.0017,0.0014,0.0004,0.0025,2.5e-05
2013-11-26,0.0026207373868851,0.0018,0.008,-0.0048,-0.0033,-0.0039,2.5e-05
2013-11-27,0.0069406021034892,0.003,0.0034,-0.0006,0.001,0.0002,2.5e-05
2013-11-29,0.0042643518504767,-0.0002,0.0026,-0.0017,0.0,-0.0018,2.5e-05
2013-12-02,-0.0024474573130809,-0.0031,-0.0093,0.0016,-0.0004,0.0001,2.5e-05
2013-12-03,-0.0004799047116143,-0.0034,-0.0012,-0.0009,0.0018,-0.0003,2.5e-05
2013-12-04,0.0068969271139463,-0.0007,-0.0022,0.0026,-0.0041,-0.0015,2.5e-05
2013-12-05,-0.0091700331334422,-0.0035,0.006,-0.0063,0.0002,-0.0043,2.5e-05
2013-12-06,0.0062978753047707,0.0102,-0.0028,0.002,-0.0003,0.0045,2.5e-05
2013-12-09,0.0064385969827306,0.0017,-0.0041,0.0,-0.0003,0.0003,2.5e-05
2013-12-10,0.000883933484917,-0.0034,-0.0053,0.002,-0.0002,-0.0006,2.5e-05
2013-12-11,-0.0136861120739672,-0.0116,-0.0035,0.0005,0.0053,0.0011,2.5e-05
2013-12-12,0.0030067446623781,-0.0023,0.0039,0.0025,-0.0028,-0.0007,2.5e-05
2013-12-13,0.0022941561562123,0.001,0.0023,-0.0001,-0.0028,0.0019,2.5e-05
2013-12-16,0.007919575905984,0.0067,0.0057,-0.0014,0.0011,-0.0003,2.5e-05
2013-12-17,-0.0033728654081586,-0.0026,0.0015,-0.0016,-0.0012,-0.0014,2.5e-05
2013-12-18,0.0151211669544126,0.0155,-0.0043,0.0003,-0.0005,0.0031,2.5e-05
2013-12-19,-0.0037074776562567,-0.001,-0.005,0.0016,-0.0002,0.0009,2.5e-05
2013-12-20,0.0046147756314821,0.0069,0.0125,-0.003,-0.0024,-0.0041,2.5e-05
2013-12-23,0.0114632987295348,0.0062,0.0048,-0.0005,-0.002,-0.0015,2.5e-05
2013-12-24,0.0028040954811512,0.0034,0.0011,0.0011,-0.0003,0.0015,2.5e-05
2013-12-26,0.0052627622339969,0.0044,-0.0034,-0.0031,0.0019,0.0007,2.5e-05
2013-12-27,-0.0069449052024216,-0.0005,-0.0002,0.0023,0.0009,0.0024,2.5e-05
2013-12-30,-0.0073208489374321,0.0,0.0003,-0.003,0.0014,0.0008,2.5e-05
2013-12-31,0.0067143135230529,0.0044,-0.0016,0.0004,-0.0003,-0.0021,2.5e-05
2014-01-02,-0.0072371053879615,-0.0088,-0.0025,0.0011,-0.0031,0.0012,2.5e-05
2014-01-03,-0.0028851854734193,0.0003,0.0041,0.0005,-0.0035,0.0014,2.5e-05
2014-01-06,0.0038600931613087,-0.0034,-0.0055,0.0026,-0.0035,0.0006,2.5e-05
2014-01-07,0.0054476360033529,0.0068,0.0033,-0.0041,-0.0004,-0.0029,2.5e-05
2014-01-08,-0.0001985439470877,0.0004,0.0001,-0.0011,-0.005,-0.0005,2.5e-05
2014-01-09,-0.0071588926349697,0.0002,0.0016,-0.0038,-0.0057,-0.0041,2.5e-05
2014-01-10,0.0008746855533652,0.0027,0.0045,-0.0077,-0.0029,-0.0031,2.5e-05
2014-01-13,-0.0144109074715699,-0.0132,-0.001,0.001,-0.0009,0.0047,2.5e-05
2014-01-14,0.0128296837809539,0.0115,0.0013,-0.0038,-0.0011,-0.0035,2.5e-05
2014-01-15,0.0101713641836994,0.0053,0.0021,0.0021,-0.0038,0.0,2.5e-05
2014-01-16,-0.0019889836281797,-0.0007,0.0023,-0.0068,-0.0002,-0.0027,2.5e-05
2014-01-17,-0.0092187760068467,-0.0039,0.0002,0.0004,-0.0021,0.0003,2.5e-05
2014-01-21,0.0040454387072878,0.003,0.0042,-0.0001,-0.0025,-0.0035,2.5e-05
2014-01-22,-0.0063213629272147,0.0015,0.0029,0.0021,-0.0017,-0.0017,2.5e-05
2014-01-23,-0.0058888721898608,-0.0086,0.001,-0.005,0.0028,-0.0009,2.5e-05
2014-01-24,-0.0200849386822044,-0.0219,-0.0039,0.0022,0.0032,0.0005,2.5e-05
2014-01-27,-0.0035739302047678,-0.0065,-0.008,0.0046,0.0042,0.004,2.5e-05
2014-01-28,0.0022243530508365,0.0073,0.0018,-0.0002,-0.0077,0.0016,2.5e-05
2014-01-29,-0.0107462097288683,-0.0107,-0.0035,0.0025,0.0016,0.0015,2.5e-05
2014-01-30,0.0229401755347039,0.0122,0.0022,-0.0042,-0.0089,-0.0054,2.5e-05
2014-01-31,-0.0127963202307607,-0.0066,-0.0009,-0.0039,0.0026,-0.0018,2.5e-05
2014-02-03,-0.0243981846980618,-0.0248,-0.0086,0.0032,0.002,0.0003,2.5e-05
2014-02-04,0.0078957063679043,0.0077,-0.0007,-0.001,-0.0013,0.0022,2.5e-05
2014-02-05,-0.0029245679506514,-0.0023,-0.0057,0.002,0.0014,0.0022,2.5e-05
2014-02-06,0.0156451593813582,0.0121,-0.0043,0.0023,0.0008,-0.0007,2.5e-05
2014-02-07,0.0135820824006218,0.0133,-0.0022,-0.0066,-0.0044,-0.0051,2.5e-05
2014-02-10,0.0013954874289018,0.0016,0.0007,-0.0044,-0.0026,-0.0018,2.5e-05
2014-02-11,0.0138773530627083,0.0109,-0.0018,0.0025,-0.0003,0.001,2.5e-05
2014-02-12,-0.0040461612783804,0.0011,0.0024,-0.0008,0.0013,0.0001,2.5e-05
2014-02-13,0.0133282725090078,0.0072,0.0067,-0.0009,-0.0024,-0.0034,2.5e-05
2014-02-14,0.0034993583995319,0.0042,-0.0032,0.0038,0.0033,0.0038,2.5e-05
2014-02-18,-0.0017549640175634,0.0027,0.0095,-0.0024,-0.0036,-0.0027,2.5e-05
2014-02-19,-0.0063008056029232,-0.0074,-0.0031,-0.004,0.0032,0.0003,2.5e-05
2014-02-20,0.0068109419033032,0.007,0.0051,-0.0014,0.0001,-0.0018,2.5e-05
2014-02-21,-0.0058316535416445,-0.0009,0.0035,-0.0004,-0.0003,-0.0006,2.5e-05
2014-02-24,0.0071966781415268,0.0065,0.002,0.0026,-0.0021,-0.0001,2.5e-05
2014-02-25,-0.0041717062114369,-0.001,0.0005,-0.0061,-0.0004,0.0008,2.5e-05
2014-02-26,-0.0032899223387176,0.0012,0.0065,-0.0009,-0.0004,0.0003,2.5e-05
2014-02-27,0.0048838275780944,0.0054,0.0011,0.0001,-0.0025,-0.0002,2.5e-05
2014-02-28,0.0013664319489158,0.0015,-0.0066,0.0083,0.0042,0.0009,2.5e-05
2014-03-03,-0.008159805642746,-0.007,0.0009,0.0015,0.0004,0.0014,2.5e-05
2014-03-04,0.0149270353275632,0.0167,0.0107,-0.0012,-0.0047,-0.0013,2.5e-05
2014-03-05,0.005292408930137,0.0001,-0.0023,0.0028,-0.0057,-0.0016,2.5e-05
2014-03-06,0.0022798295326677,0.0016,-0.0024,0.0076,0.0031,0.0035,2.5e-05
2014-03-07,0.0007668761584996,0.0004,-0.0002,0.0051,0.0009,0.0032,2.5e-05
2014-03-10,0.0028509770306006,-0.0009,-0.0008,0.0006,0.0005,-0.0013,2.5e-05
2014-03-11,-0.0069563758900974,-0.0062,-0.0054,-0.0019,0.0054,-0.0004,2.5e-05
2014-03-12,0.002391123924272,0.0013,0.0029,-0.0016,-0.0009,-0.0042,2.5e-05
2014-03-13,-0.009548398694543,-0.0121,-0.0007,0.0027,0.0015,0.0004,2.5e-05
2014-03-14,-0.0050860867241812,-0.0016,0.0068,-0.0005,0.0019,0.0007,2.5e-05
2014-03-17,0.0101866986704344,0.009,-0.0035,-0.0001,0.0011,0.0003,2.5e-05
2014-03-18,0.0098584291778037,0.0082,0.0069,-0.0042,-0.0034,-0.0027,2.5e-05
2014-03-19,-0.0067411930868442,-0.0059,-0.0013,0.006,-0.004,0.0002,2.5e-05
2014-03-20,0.0079796074008766,0.0052,-0.0036,0.0099,-0.0012,0.0032,2.5e-05
2014-03-21,0.0015278928074699,-0.0037,-0.0018,0.0088,0.0042,0.0046,2.5e-05
2014-03-24,-0.0038650328685368,-0.0064,-0.0079,0.0096,0.0059,0.0036,2.5e-05
2014-03-25,0.0077418356552809,0.003,-0.0033,0.0014,0.0026,0.0014,2.5e-05
2014-03-26,-0.0170206312702785,-0.0089,-0.0111,0.003,0.007,0.0045,2.5e-05
2014-03-27,0.0018453363726595,-0.0019,-0.0013,-0.0024,0.0007,0.0002,2.5e-05
2014-03-28,0.0034627132519756,0.0041,-0.0036,0.0052,0.0056,0.0031,2.5e-05
2014-03-31,0.0038337979286723,0.0097,0.0099,-0.0016,-0.0018,0.0003,2.5e-05
2014-04-01,0.0083917891318506,0.0087,0.0066,-0.0041,-0.0011,-0.0028,2.5e-05
2014-04-02,0.0023866321695497,0.0029,0.0004,0.0012,0.001,0.0004,2.5e-05
2014-04-03,-0.008146128846802,-0.0031,-0.0078,0.0078,0.0053,0.0039,2.5e-05
2014-04-04,-0.0163423907179785,-0.0147,-0.0103,0.0074,0.0062,0.0047,2.5e-05
2014-04-07,-0.0070290153063067,-0.0126,-0.0036,-0.0002,0.0018,0.0006,2.5e-05
2014-04-08,0.0067351975351886,0.005,0.0029,-0.0022,0.0007,-0.0012,2.5e-05
2014-04-09,0.0143673280933721,0.012,0.0024,-0.0093,-0.0042,-0.0054,2.5e-05
2014-04-10,-0.0229768099951184,-0.0224,-0.0061,0.0086,0.0082,0.0076,2.5e-05
2014-04-11,-0.008465713805773,-0.0107,-0.0041,0.0029,0.004,0.0004,2.5e-05
2014-04-14,0.0051955645159863,0.007,-0.0047,0.0021,0.0033,-0.0017,2.5e-05
2014-04-15,0.0057060082265032,0.0059,-0.0036,0.0017,-0.0013,-0.0016,2.5e-05
2014-04-16,0.0103447945351101,0.0113,-0.0001,-0.0044,-0.0002,-0.001,2.5e-05
2014-04-17,0.0015444431215657,0.0023,0.0032,0.0025,-0.0013,0.0017,2.5e-05
2014-04-21,0.0090351287096099,0.0036,0.0018,-0.0043,0.001,-0.0007,2.5e-05
2014-04-22,0.0048024601643522,0.0058,0.0069,-0.0037,-0.0064,-0.0008,2.5e-05
2014-04-23,-0.0110264767394471,-0.0031,-0.0054,0.0089,0.002,0.0023,2.5e-05
2014-04-24,0.0112801075025091,0.0008,-0.0042,-0.0017,0.0017,-0.002,2.5e-05
2014-04-25,-0.0159515598038885,-0.0105,-0.0088,0.0061,0.0076,0.0065,2.5e-05
2014-04-28,0.0061022377312085,0.0011,-0.0066,-0.0054,0.012,0.0002,2.5e-05
2014-04-29,0.0062768414934315,0.0056,-0.0024,-0.0022,-0.0052,-0.0018,2.5e-05
2014-04-30,0.0062976511908307,0.0035,0.0023,-0.0003,0.0009,0.0006,2.5e-05
2014-05-01,-0.0002223900271051,0.0004,-0.0016,-0.0018,-0.0043,-0.002,2.5e-05
2014-05-02,-0.0030524730387126,-0.0007,0.0028,0.0033,0.0034,0.0014,2.5e-05
2014-05-05,0.0019984370039061,0.0013,-0.0037,-0.0052,0.0017,-0.0028,2.5e-05
2014-05-06,-0.0167524975279853,-0.0103,-0.0049,0.0017,0.0083,0.0013,2.5e-05
2014-05-07,0.0025323157630783,0.0045,-0.0076,0.0117,-0.0002,0.0056,2.5e-05
2014-05-08,0.002327906342254,-0.0026,-0.0096,0.0034,0.0014,0.0026,2.5e-05
2014-05-09,0.0018328346032293,0.0025,0.0063,-0.0039,-0.0014,-0.0007,2.5e-05
2014-05-12,0.0150541371942553,0.012,0.0136,-0.003,-0.0048,-0.0032,2.5e-05
2014-05-13,0.0026694649622824,-0.0005,-0.0104,0.0018,0.0002,-0.0001,2.5e-05
2014-05-14,-0.0049959614790587,-0.006,-0.0112,-0.0043,0.0021,-0.0022,2.5e-05
2014-05-15,-0.009920002234398,-0.009,0.0033,-0.0027,0.0023,-0.0006,2.5e-05
2014-05-16,0.003802776280861,0.0036,0.0022,-0.004,0.0023,-0.0015,2.5e-05
2014-05-19,0.0029762926147973,0.005,0.0064,0.0,-0.0028,-0.0007,2.5e-05
2014-05-20,-0.0045948221499223,-0.0078,-0.0078,0.0023,0.0014,-0.0011,2.5e-05
2014-05-21,0.0106389570081963,0.0081,-0.0026,0.0005,0.0005,-0.0013,2.5e-05
2014-05-22,0.0008174662798924,0.0036,0.0061,-0.0027,-0.0053,-0.0023,2.5e-05
2014-05-23,0.0051012856828742,0.0049,0.006,-0.0024,-0.0008,-0.0003,2.5e-05
2014-05-27,0.0066320461621001,0.0069,0.0067,-0.0019,-0.0055,-0.003,2.5e-05
2014-05-28,-0.0004484229097334,-0.0011,-0.0027,0.0027,0.0009,0.0014,2.5e-05
2014-05-29,0.0065697574301511,0.0054,-0.0022,-0.0012,-0.0001,-0.0022,2.5e-05
2014-05-30,-1.96197631295738e-06,0.0006,-0.0064,0.0028,0.0034,0.001,2.5e-05
2014-06-02,-0.0031182136694139,0.0006,-0.0065,0.004,0.0017,0.0017,2.5e-05
2014-06-03,-0.0003547738925536,-0.0005,-0.0024,0.0018,0.0008,-0.0016,2.5e-05
2014-06-04,0.0005759590743171,0.0028,0.0023,-0.0009,-0.0018,-0.0019,2.5e-05
2014-06-05,0.0128322743129677,0.0077,0.0128,-0.0018,-0.0018,-0.001,2.5e-05
2014-06-06,0.0045366651676512,0.0054,0.0049,-0.0001,-0.0013,-0.0009,2.5e-05
2014-06-09,0.0030240056477939,0.0022,0.01,-0.0031,-0.0042,-0.0005,2.5e-05
2014-06-10,0.0084607798223635,-0.0003,-0.0019,-0.0004,-0.0032,0.0008,2.5e-05
2014-06-11,-0.003158234187534,-0.0034,-0.0016,-0.0028,-0.001,-0.0016,2.5e-05
2014-06-12,-0.010541800234567,-0.0068,0.0011,0.0017,-0.0022,-0.0003,2.5e-05
2014-06-13,0.0030991693846806,0.0031,-0.0006,-0.0019,0.0008,-0.0013,2.5e-05
2014-06-16,0.0005850011766066,0.0013,0.0041,-0.0067,-0.0006,-0.003,2.5e-05
2014-06-17,0.0003276018577999,0.0034,0.0056,0.0045,-0.0055,0.0006,2.5e-05
2014-06-18,0.0077462503770224,0.0075,-0.0026,-0.0009,0.0003,-0.0017,2.5e-05
2014-06-19,-0.0037078736786496,0.0012,-0.0015,-0.0004,0.0013,-0.0009,2.5e-05
2014-06-20,0.0022368049080995,0.0018,0.0021,0.0004,0.0003,0.0001,2.5e-05
2014-06-23,0.0033498152063504,-0.0001,-0.0022,0.0008,-0.0006,-0.0018,2.5e-05
2014-06-24,-0.0058856124288965,-0.0072,-0.0036,-0.0021,0.0004,0.0002,2.5e-05
2014-06-25,0.0049303046038961,0.0053,0.0033,0.0007,-0.0017,-0.0022,2.5e-05
2014-06-26,-0.0023124950682215,-0.0011,-0.0008,0.0005,0.0009,-0.0006,2.5e-05
2014-06-27,0.0028758519466981,0.0026,0.0048,-0.0022,0.0015,-0.0014,2.5e-05
2014-06-30,-0.002323492405868,0.0007,0.0027,0.0019,-0.0024,-0.0016,2.5e-05
2014-07-01,0.0086753709177581,0.0074,0.0042,-0.0037,0.0004,-0.0011,2.5e-05
2014-07-02,-0.0019019793239724,-0.0003,-0.0045,-0.0021,0.0015,0.0022,2.5e-05
2014-07-03,0.0040533324791152,0.0059,0.0021,0.0008,0.0004,0.0023,2.5e-05
2014-07-07,0.0003587765726128,-0.0062,-0.012,0.0038,0.0074,0.0028,2.5e-05
2014-07-08,-0.0127741142907564,-0.0082,-0.0055,0.0071,0.0086,0.0045,2.5e-05
2014-07-09,0.0074833095661729,0.0046,-0.004,-0.0011,-0.0003,-0.0009,2.5e-05
2014-07-10,-0.0037817934601017,-0.0049,-0.006,0.0002,0.0008,0.0008,2.5e-05
2014-07-11,0.0105049704570064,0.0012,-0.003,-0.0039,-0.0039,-0.0015,2.5e-05
2014-07-14,0.0101764558499053,0.0046,-0.0001,-0.0013,-0.0002,-0.0016,2.5e-05
2014-07-15,0.0003952492588675,-0.0032,-0.0082,0.0098,0.0022,0.0037,2.5e-05
2014-07-16,0.00845725809808,0.0032,-0.0058,0.0032,0.002,0.0019,2.5e-05
2014-07-17,-0.0121258771295531,-0.0121,-0.0036,0.0018,0.0035,0.0018,2.5e-05
2014-07-18,0.0098743850056412,0.0112,0.0045,-0.0047,-0.0025,-0.0032,2.5e-05
2014-07-21,-0.0011129495647382,-0.0025,-0.0023,0.0005,-0.0033,-0.003,2.5e-05
2014-07-22,0.0037653416156147,0.0053,0.0026,-0.0032,0.0015,-0.0017,2.5e-05
2014-07-23,0.0058333972969876,0.0019,0.0009,-0.0075,-0.0021,0.0,2.5e-05
2014-07-24,0.0038650673937315,0.0005,-0.0027,0.0004,-0.002,-0.0003,2.5e-05
2014-07-25,-0.0115138154054321,-0.0053,-0.0036,0.0016,0.0011,0.0003,2.5e-05
2014-07-28,-0.0003184295168353,-0.0008,-0.0045,0.0028,0.0002,0.0,2.5e-05
2014-07-29,-0.0026037948379759,-0.0033,0.0063,-0.0067,-0.0016,-0.0014,2.5e-05
2014-07-30,0.0019804702544227,0.0012,0.0035,-0.0029,-0.007,-0.0033,2.5e-05
2014-07-31,-0.02411144673623,-0.0203,-0.0017,0.0046,0.0036,0.0029,2.5e-05
2014-08-01,-0.0052939180728768,-0.0032,-0.0025,-0.0006,0.0008,0.0014,2.5e-05
2014-08-04,0.0070259747771124,0.0074,0.0004,-0.0022,-0.0011,-0.0043,2.5e-05
2014-08-05,-0.0088718152313031,-0.0084,0.0071,-0.0019,-0.0016,0.0002,2.5e-05
2014-08-06,0.0016830341594686,0.0002,0.0038,0.0018,-0.0007,0.0026,2.5e-05
2014-08-07,-0.0018721038476888,-0.0052,-0.0006,-0.0014,0.0002,-0.0003,2.5e-05
2014-08-08,0.0073072505624325,0.0112,-0.0014,-0.0018,0.0035,0.0015,2.5e-05
2014-08-11,0.0028329616776225,0.004,0.0057,-0.0029,-0.0009,-0.0027,2.5e-05
2014-08-12,-0.0007980236396277,-0.0023,-0.0058,0.0025,0.0002,0.0002,2.5e-05
2014-08-13,0.0105029283165326,0.0069,-0.0014,-0.0024,-0.004,-0.0021,2.5e-05
2014-08-14,0.0056690941085448,0.0044,-0.0026,0.0004,-0.0021,0.0,2.5e-05
2014-08-15,-0.002022786341622,0.0,-0.0014,-0.0015,0.0025,-0.0021,2.5e-05
2014-08-18,0.0086258747621827,0.0093,0.0058,-0.0019,-0.0002,0.0002,2.5e-05
2014-08-19,0.004274494876719,0.0049,-0.0011,-0.001,0.0026,-0.0012,2.5e-05
2014-08-20,0.0007620277243141,0.0019,-0.0064,0.0027,0.0006,0.0028,2.5e-05
2014-08-21,0.0022660824691965,0.0028,-0.0008,0.0082,-0.0012,0.0025,2.5e-05
2014-08-22,-0.0027319171472208,-0.001,0.0027,-0.0039,-0.0003,-0.0018,2.5e-05
2014-08-25,0.0040566829809618,0.005,-0.0021,0.0004,-0.0002,-0.001,2.5e-05
2014-08-26,0.0040238166312801,0.0019,0.0068,-0.0033,-0.0035,-0.0018,2.5e-05
2014-08-27,0.000193195137966,0.0,-0.0022,0.0015,0.0014,0.001,2.5e-05
2014-08-28,-0.0036042247041116,-0.0019,-0.0039,0.0009,0.0023,0.0001,2.5e-05
2014-08-29,0.0045965155429229,0.0039,0.0028,0.001,-0.003,-0.0015,2.5e-05
2014-09-02,0.0018862421537766,0.0006,0.0042,-0.0009,-0.0012,-0.0023,2.5e-05
2014-09-03,-0.0053088097777925,-0.0014,-0.005,0.0023,0.0001,0.0042,2.5e-05
2014-09-04,0.0014852496401071,-0.0017,-0.0016,-0.0015,0.0013,0.0001,2.5e-05
2014-09-05,0.0078892834191957,0.0045,-0.0027,-0.0006,0.0013,0.0,2.5e-05
2014-09-08,-0.0023457952476171,-0.0022,0.0047,-0.0044,-0.0039,-0.0025,2.5e-05
2014-09-09,-0.0096675064852656,-0.0072,-0.0042,-0.0002,0.0031,0.0014,2.5e-05
2014-09-10,0.0064927579353193,0.0045,0.0015,-0.0039,-0.0032,-0.0019,2.5e-05
2014-09-11,0.0028641024726584,0.0019,0.0049,0.0021,-0.0026,0.0002,2.5e-05
2014-09-12,-0.0035132803080552,-0.0055,-0.002,0.0014,-0.0007,0.0012,2.5e-05
2014-09-15,-0.0063347127505265,-0.0028,-0.0093,0.0065,0.0046,0.007,2.5e-05
2014-09-16,0.0086849235247642,0.007,-0.0039,-0.0013,0.0019,-0.0017,2.5e-05
2014-09-17,0.0004551357269425,0.0017,0.0008,-0.002,-0.0025,-0.0019,2.5e-05
2014-09-18,0.0054466575808744,0.005,0.0,0.0003,-0.0013,-0.0003,2.5e-05
2014-09-19,0.0067544893993952,-0.0018,-0.0096,0.0005,0.002,-0.0004,2.5e-05
2014-09-22,-0.0067696283298342,-0.0097,-0.0055,0.0013,0.0045,0.002,2.5e-05
2014-09-23,0.0004427218791658,-0.0062,-0.0031,-0.0005,0.0,-0.0026,2.5e-05
2014-09-24,0.0044967881014431,0.0081,0.0003,-0.0092,0.0003,-0.0044,2.5e-05
2014-09-25,-0.0193813922855317,-0.0162,0.0013,0.0015,0.0029,0.0026,2.5e-05
2014-09-26,0.0099932897718164,0.0085,-0.0007,-0.0027,0.0005,-0.0049,2.5e-05
2014-09-29,-0.0040508286404577,-0.0022,0.0019,-0.0044,0.0014,-0.0027,2.5e-05
2014-09-30,0.001134269382549,-0.004,-0.0101,0.0014,0.0003,-0.0001,2.5e-05
2014-10-01,-0.0155880759417204,-0.0139,-0.0013,0.0033,0.0018,-0.0005,2.5e-05
2014-10-02,0.0004798358348554,0.0015,0.0097,-0.0038,-0.0032,-0.003,2.5e-05
2014-10-03,0.0098622515559999,0.0108,-0.0039,-0.0041,-0.001,-0.0011,2.5e-05
2014-10-06,-0.0001892745674239,-0.0026,-0.0077,0.0039,0.003,0.0017,2.5e-05
2014-10-07,-0.0138963329666001,-0.0156,-0.0012,0.0012,0.0025,0.0004,2.5e-05
2014-10-08,0.0183448498685621,0.017,-0.0002,-0.0006,-0.0008,-0.0005,2.5e-05
2014-10-09,-0.0191171554422837,-0.0217,-0.0047,-0.004,0.0036,-0.0013,2.5e-05
2014-10-10,-0.0163686487548051,-0.013,-0.0008,0.0055,0.0073,0.0034,2.5e-05
2014-10-13,-0.010395867882761,-0.0159,0.0129,0.005,-0.0042,0.0022,2.5e-05
2014-10-14,-0.0016717944712203,0.0028,0.0081,-0.0012,-0.0006,0.0009,2.5e-05
2014-10-15,-0.0068899035435924,-0.0053,0.0166,-0.0131,-0.0045,-0.0059,2.5e-05
2014-10-16,-0.0076438562476579,0.0023,0.011,0.0017,-0.0033,0.0012,2.5e-05
2014-10-17,0.0185831917795893,0.0114,-0.0155,-0.001,0.001,0.0027,2.5e-05
2014-10-20,0.0096143650069028,0.0094,0.0013,-0.0033,0.0009,-0.0034,2.5e-05
2014-10-21,0.0199492066599432,0.0198,-0.0041,0.0002,0.0003,-0.0013,2.5e-05
2014-10-22,-0.0040631107930794,-0.0085,-0.0055,0.0021,0.0009,0.0019,2.5e-05
2014-10-23,0.0083238400926534,0.0129,0.0044,-0.0046,-0.0031,-0.0005,2.5e-05
2014-10-24,-0.0013814844790831,0.0066,-0.005,-0.0011,-0.0025,0.0011,2.5e-05
2014-10-27,0.0001168360742175,-0.0017,0.0007,-0.0026,0.0008,-0.0001,2.5e-05
2014-10-28,0.0125351719965637,0.0137,0.0156,-0.0001,-0.0041,-0.0018,2.5e-05
2014-10-29,-0.0075027302043576,-0.0018,0.0004,0.0044,0.0018,0.0031,2.5e-05
2014-10-30,-0.0004449797079369,0.006,0.0022,-0.0048,-0.0039,0.0008,2.5e-05
2014-10-31,0.0140589068104625,0.0123,0.0032,0.0019,0.0019,0.0,2.5e-05
2014-11-03,-0.00068460093144,-0.0001,-0.0029,-0.0006,0.0001,0.0013,2.5e-05
2014-11-04,0.0002887910850485,-0.0035,-0.0006,-0.0011,0.0006,0.0004,2.5e-05
2014-11-05,0.0007162505680427,0.0048,-0.0041,0.0086,0.0035,0.0078,2.5e-05
2014-11-06,0.0063689631231973,0.0049,0.0006,-0.0048,0.0019,-0.0029,2.5e-05
2014-11-07,0.0035938270823864,0.0009,0.0003,0.0044,-0.0018,0.0004,2.5e-05
2014-11-10,0.0033917398970692,0.0033,0.0014,-0.005,-0.0032,-0.0041,2.5e-05
2014-11-11,0.0015738873973432,0.001,0.0001,-0.0029,0.0016,-0.0027,2.5e-05
2014-11-12,7.3642678520083e-05,0.0007,0.0072,-0.0028,0.0016,0.0007,2.5e-05
2014-11-13,0.0036553285739306,-0.0003,-0.0092,-0.0033,0.0051,0.0002,2.5e-05
2014-11-14,0.006939337025952,0.0006,-0.0013,0.0014,0.0001,-0.0011,2.5e-05
2014-11-17,-0.0021936388958258,-0.0005,-0.0094,0.0027,0.0005,0.0024,2.5e-05
2014-11-18,0.0031187200061521,0.0051,-0.0001,-0.0036,-0.0016,-0.0001,2.5e-05
2014-11-19,-0.0034494646674765,-0.0021,-0.0087,-0.0006,0.0041,0.0008,2.5e-05
2014-11-20,0.0026651175669608,0.0031,0.0087,-0.0002,-0.0004,-0.0003,2.5e-05
2014-11-21,0.0021691628266685,0.0048,-0.0037,-0.0009,-0.0005,0.0003,2.5e-05
2014-11-24,-0.0005539926377839,0.004,0.0091,-0.0057,-0.0018,-0.0007,2.5e-05
2014-11-25,-0.0016845844742704,-0.0008,0.0006,-0.0004,0.0012,0.0016,2.5e-05
2014-11-26,0.0056979831425847,0.003,0.0003,-0.0045,-0.0015,-0.0019,2.5e-05
2014-11-28,-0.0027902528406811,-0.0035,-0.0102,-0.0102,0.0048,-0.0004,2.5e-05
2014-12-01,-0.0108655579111393,-0.009,-0.0089,0.0061,0.0005,0.0051,2.5e-05
2014-12-02,0.0022431184907345,0.0065,0.0046,0.0005,-0.0044,0.0003,2.5e-05
2014-12-03,-0.002413341427272,0.0046,0.0045,0.0031,-0.0017,0.0005,2.5e-05
2014-12-04,-0.0006283986032563,-0.0017,-0.0035,0.0009,0.0003,-0.0016,2.5e-05
2014-12-05,0.0012003681323918,0.0025,0.0056,0.0025,-0.0071,0.0016,2.5e-05
2014-12-08,-0.0101774449154362,-0.0082,-0.0058,0.0026,-0.0011,0.0008,2.5e-05
2014-12-09,-0.0009494663585305,0.0013,0.0168,-0.0028,-0.0045,-0.0033,2.5e-05
2014-12-10,-0.0180496006649347,-0.0172,-0.0063,-0.001,0.001,0.0016,2.5e-05
2014-12-11,0.006501500700072,0.0049,-0.0006,-0.002,0.0019,0.0002,2.5e-05
2014-12-12,-0.0140351725692088,-0.0155,0.0046,-0.0058,0.0023,-0.0029,2.5e-05
2014-12-15,-0.0066046482504117,-0.0068,-0.0023,0.0011,0.0066,0.0016,2.5e-05
2014-12-16,-0.0165414924075572,-0.008,0.0069,0.006,-0.0009,0.0045,2.5e-05
2014-12-17,0.0176708315801765,0.0215,0.009,-0.001,-0.0035,-0.0041,2.5e-05
2014-12-18,0.0253912546849936,0.0236,-0.0091,-0.0021,-0.0041,-0.0024,2.5e-05
2014-12-19,0.0071228185806888,0.0043,-0.0022,0.0019,-0.0046,0.0,2.5e-05
2014-12-22,0.0088630171333014,0.0037,0.0018,-0.0004,0.0008,0.0009,2.5e-05
2014-12-23,0.000691980797239,0.0021,-0.0012,0.0105,0.0058,0.0062,2.5e-05
2014-12-24,-0.0032607092121026,0.0007,0.0034,-0.0017,-0.0013,-0.0007,2.5e-05
2014-12-26,0.0040202434418573,0.0039,0.0034,-0.0032,-0.0006,-0.0018,2.5e-05
2014-12-29,-0.0007536743643408,0.0013,0.0022,0.0057,0.0018,0.0017,2.5e-05
2014-12-30,-0.0044457126094407,-0.0048,0.0007,0.0035,-0.0007,0.003,2.5e-05
2014-12-31,-0.010543331561761,-0.0093,0.0048,-0.0039,-0.001,-0.0021,2.5e-05
2015-01-02,0.0006021646427867,-0.0011,-0.0056,0.0009,-0.0021,0.001,2.5e-05
2015-01-05,-0.0185712253834447,-0.0184,0.0025,-0.0063,0.0015,-0.0013,2.5e-05
2015-01-06,-0.0119003926668177,-0.0104,-0.0078,-0.0027,0.0053,0.0004,2.5e-05
2015-01-07,0.0080760807198108,0.0119,0.0016,-0.0065,0.0022,-0.0014,2.5e-05
2015-01-08,0.0189089211401431,0.0181,-0.001,-0.0027,0.0013,-0.0019,2.5e-05
2015-01-09,-0.0082301640950226,-0.0085,-0.0002,-0.005,-0.0013,-0.0017,2.5e-05
2015-01-12,-0.0110537440220388,-0.0079,0.0034,-0.0037,0.0011,0.002,2.5e-05
2015-01-13,0.0005411247025091,-0.0019,0.0025,0.0003,0.0032,0.0003,2.5e-05
2015-01-14,-0.0080471502752202,-0.006,0.0028,-0.0049,0.0023,-0.0014,2.5e-05
2015-01-15,-0.0171252670043119,-0.0108,-0.0094,0.0063,0.0065,0.0059,2.5e-05
2015-01-16,0.0122851733520763,0.0136,0.005,-0.0014,-0.0029,-0.0009,2.5e-05
2015-01-20,0.0025993637741694,0.0011,-0.0075,-0.0055,0.0003,-0.0052,2.5e-05
2015-01-21,0.0064777136013843,0.0042,-0.0091,0.0055,0.0023,-0.0002,2.5e-05
2015-01-22,0.0190617716337027,0.0158,0.0045,0.0041,0.0,-0.0012,2.5e-05
2015-01-23,-0.0045710112455424,-0.0047,0.0044,-0.0082,-0.0004,-0.0059,2.5e-05
2015-01-26,-0.0005526414520574,0.0042,0.0058,-0.0005,-0.0037,-0.0009,2.5e-05
2015-01-27,-0.0221510215166945,-0.0121,0.0076,0.0023,-0.0033,0.0051,2.5e-05
2015-01-28,-0.0079984717674411,-0.0139,-0.0018,-0.0077,0.0053,-0.0019,2.5e-05
2015-01-29,0.0155691428200085,0.0098,0.0019,0.0,0.0001,-0.0033,2.5e-05
2015-01-30,0.0001533519640729,-0.013,-0.0081,0.0003,-0.0018,-0.0046,2.5e-05
2015-02-02,0.0149694909779679,0.0125,-0.004,0.0099,0.0,0.0017,2.5e-05
2015-02-03,0.0125946008489435,0.0149,0.0024,0.0051,0.0005,0.0044,2.5e-05
2015-02-04,-0.0017926913965304,-0.0035,-0.0009,-0.002,0.0035,-0.0013,2.5e-05
2015-02-05,0.0102190378402058,0.011,0.0044,-0.0016,-0.0048,-0.002,2.5e-05
2015-02-06,-0.0009362332997957,-0.002,0.0007,0.0038,-0.0021,-0.0009,2.5e-05
2015-02-09,-0.0022433005393935,-0.0046,-0.0037,0.0009,-0.0003,-0.0001,2.5e-05
2015-02-10,0.0068467108041482,0.0104,-0.0036,-0.0069,0.0011,-0.0042,2.5e-05
2015-02-11,0.0027383372803317,0.0003,-0.0018,-0.0033,0.0003,-0.0008,2.5e-05
2015-02-12,0.0070186449221722,0.01,0.002,-0.0009,-0.0013,-0.0015,2.5e-05
2015-02-13,0.0072570335987456,0.0047,0.0016,-0.0029,-0.0029,-0.0023,2.5e-05
2015-02-17,0.000222142687997,0.0017,-0.0001,0.0,-0.0012,-0.0016,2.5e-05
2015-02-18,-0.002999779453669,0.0003,0.0024,-0.0081,0.0033,-0.0016,2.5e-05
2015-02-19,0.0026018376594945,-0.0001,0.0022,-0.0035,-0.0005,-0.0039,2.5e-05
2015-02-20,0.0066758806053937,0.0061,-0.0044,-0.0026,-0.0011,-0.0009,2.5e-05
2015-02-23,-0.0017312033979341,-0.0008,0.0004,-0.0037,0.004,-0.0021,2.5e-05
2015-02-24,0.0036211728601789,0.0032,-0.0002,0.0069,-0.0023,0.0036,2.5e-05
2015-02-25,0.00463720919159,0.0002,0.0019,-0.0051,-0.006,-0.0022,2.5e-05
2015-02-26,0.0048289899233412,-0.0008,0.0054,-0.0047,-0.0016,-0.0032,2.5e-05
2015-02-27,-0.0058991678672166,-0.0036,-0.0021,0.0022,0.0008,0.0032,2.5e-05
2015-03-02,0.0051266686048086,0.0062,0.002,-0.0043,0.0001,0.0008,2.5e-05
2015-03-03,-0.0047176306356732,-0.0043,-0.0029,0.003,-0.0003,0.0,2.5e-05
2015-03-04,-0.0032039277371611,-0.0041,0.001,-0.004,-0.0004,-0.0026,2.5e-05
2015-03-05,0.0010476211190632,0.0015,0.0021,-0.0043,-0.0053,-0.0015,2.5e-05
2015-03-06,-0.0150690497424469,-0.0129,0.0029,0.0043,-0.0013,0.0,2.5e-05
2015-03-09,0.002164245498748,0.0037,0.0009,-0.0002,0.0025,-0.0003,2.5e-05
2015-03-10,-0.0188641415265049,-0.0163,0.0043,-0.0047,0.0014,-0.0013,2.5e-05
2015-03-11,-0.0046759525089133,-0.0004,0.0061,0.0052,-0.005,-0.0003,2.5e-05
2015-03-12,0.0105214267461544,0.0128,0.004,0.005,-0.001,0.0023,2.5e-05
2015-03-13,-0.0067554816777249,-0.0057,0.0019,-0.0003,-0.0013,-0.0013,2.5e-05
2015-03-16,0.0102010751016694,0.0123,-0.0078,-0.0041,-0.0014,-0.0014,2.5e-05
2015-03-17,-0.0001146745937299,-0.002,0.0053,-0.0002,0.0005,-0.0031,2.5e-05
2015-03-18,0.0149220518304623,0.0108,-0.0048,0.0,0.0018,-0.0002,2.5e-05
2015-03-19,-0.0049380635660525,-0.0036,0.008,-0.011,0.0009,-0.0041,2.5e-05
2015-03-20,0.0054814374647604,0.0081,-0.001,0.0054,0.0043,0.0026,2.5e-05
2015-03-23,0.0021222211262138,-0.0019,0.002,0.0024,0.002,0.0031,2.5e-05
2015-03-24,-0.004588049923587,-0.0051,0.0052,-0.0029,0.001,-0.0021,2.5e-05
2015-03-25,-0.0166504122490872,-0.0156,-0.0089,0.0103,0.0039,0.0051,2.5e-05
2015-03-26,-0.0017245699952674,-0.0022,0.0009,-0.0006,0.0004,-0.0022,2.5e-05
2015-03-27,-0.0008760696662603,0.0032,0.0043,-0.0069,-0.0019,-0.0012,2.5e-05
2015-03-30,0.0124650053801479,0.0124,0.0006,-0.0004,-0.0022,0.0001,2.5e-05
2015-03-31,-0.00956601477232,-0.0075,0.0045,0.0037,0.0022,0.0024,2.5e-05
2015-04-01,-0.0030704711424305,-0.0038,0.0034,0.0042,-0.0015,0.0024,2.5e-05
2015-04-02,0.0028842250446995,0.0035,-0.0011,0.0031,-0.0012,0.0024,2.5e-05
2015-04-06,0.0101101655481917,0.0061,-0.0028,-0.0015,0.0021,-0.0021,2.5e-05
2015-04-07,-0.00087143964842,-0.0022,-0.0019,-0.0016,-0.0018,-0.0023,2.5e-05
2015-04-08,-0.0006331504666103,0.0037,0.0047,-0.0072,-0.0009,-0.0027,2.5e-05
2015-04-09,0.007720774362568,0.0041,-0.0071,-0.0006,-0.0028,0.0015,2.5e-05
2015-04-10,0.0153709273243882,0.0049,-0.0015,-0.0028,-0.0047,0.002,2.5e-05
2015-04-13,-0.0032024592324215,-0.0038,0.0055,0.0023,-0.0013,-0.0014,2.5e-05
2015-04-14,0.0038501666027149,0.0011,-0.0013,0.0019,0.0009,0.0008,2.5e-05
2015-04-15,0.0041013398746,0.0057,0.0027,0.0032,-0.0018,-0.0006,2.5e-05
2015-04-16,-0.0038139360681905,-0.0008,-0.001,-0.0021,-0.0018,-0.0021,2.5e-05
2015-04-17,-0.0116279694967057,-0.0123,-0.0043,0.0022,0.0018,0.0009,2.5e-05
2015-04-20,0.0152491291058323,0.0095,0.0014,-0.0027,0.0042,-0.0032,2.5e-05
2015-04-21,-0.0043277735615029,-0.001,0.0013,-0.0076,0.0012,-0.0024,2.5e-05
2015-04-22,0.0072592703332966,0.0046,-0.0039,0.0017,-0.0002,0.0,2.5e-05
2015-04-23,0.0032235541782283,0.0029,0.0029,-0.0023,-0.0003,-0.0021,2.5e-05
2015-04-24,0.0253384339172119,0.0017,-0.0055,-0.0029,0.0071,-0.0055,2.5e-05
2015-04-27,0.0009110148000724,-0.0054,-0.0068,0.0056,0.0052,-0.0003,2.5e-05
2015-04-28,0.0022873624170353,0.0027,0.0026,0.0102,0.0008,0.0044,2.5e-05
2015-04-29,-0.0013856019251885,-0.0038,-0.0072,0.0074,-0.0074,-0.0001,2.5e-05
2015-04-30,-0.0112450653388947,-0.0111,-0.0101,0.0078,0.0027,0.0048,2.5e-05
2015-05-01,0.0077934964583093,0.0101,-0.0031,-0.0062,0.003,-0.0018,2.5e-05
2015-05-04,0.0013175494989694,0.0032,0.0009,0.0024,-0.0018,0.0003,2.5e-05
2015-05-05,-0.012372476927848,-0.0119,-0.0014,0.005,0.0,0.0029,2.5e-05
2015-05-06,-0.0068544426091786,-0.0031,0.006,-0.0013,-0.0027,0.0011,2.5e-05
2015-05-07,0.005961509959548,0.0039,-0.0001,-0.0039,-0.0025,-0.0001,2.5e-05
2015-05-08,0.0143444166109284,0.0121,-0.0056,-0.0012,-0.0031,-0.0024,2.5e-05
2015-05-11,-0.0077982628860616,-0.0039,0.0066,-0.0003,-0.0009,0.0001,2.5e-05
2015-05-12,-0.0011392285853352,-0.0027,0.0,0.0007,-0.0016,0.0,2.5e-05
2015-05-13,0.0024218957872488,0.0001,0.0,0.0002,-0.0007,0.0003,2.5e-05
2015-05-14,0.0151037117001158,0.0101,-0.0016,-0.0035,0.0011,-0.0043,2.5e-05
2015-05-15,-0.0032284500080194,0.0005,-0.0021,-0.002,0.003,0.0026,2.5e-05
2015-05-18,0.0043974438676386,0.0044,0.0073,-0.0009,-0.0019,-0.0027,2.5e-05
2015-05-19,-0.001331968811006,-0.0009,-0.0007,0.0023,-0.001,-0.0004,2.5e-05
2015-05-20,0.0013492800650449,-0.0005,0.0019,-0.0014,-0.0013,0.0006,2.5e-05
2015-05-21,0.0043903022565877,0.0023,-0.0029,-0.0002,0.0007,-0.0016,2.5e-05
2015-05-22,-0.0048336075305894,-0.0022,-0.0013,-0.0014,-0.0012,-0.0007,2.5e-05
2015-05-26,-0.0095037650774684,-0.0101,-0.0003,-0.0001,-0.0014,0.0016,2.5e-05
2015-05-27,0.0099470872022574,0.0093,0.003,-0.0034,-0.0008,-0.0029,2.5e-05
2015-05-28,-0.0028551644766308,-0.0012,0.001,0.0013,-0.0024,0.0009,2.5e-05
2015-05-29,-0.0072590335054002,-0.0058,0.0006,0.0006,-0.0023,-0.0002,2.5e-05
2015-06-01,0.0028139768954154,0.0017,-0.0006,-0.0022,0.0021,-0.0037,2.5e-05
2015-06-02,-0.0009158286201617,-0.0002,0.0033,0.0033,-0.0015,0.0016,2.5e-05
2015-06-03,0.0081757198880909,0.0039,0.0086,-0.0024,-0.0019,-0.0006,2.5e-05
2015-06-04,-0.0066696447431145,-0.0088,-0.0008,-0.0001,0.0018,-0.0002,2.5e-05
2015-06-05,-0.0028976222750334,0.0006,0.0083,0.0005,-0.0051,-0.0038,2.5e-05
2015-06-08,-0.0055790577557724,-0.0066,0.0003,0.0003,0.0002,0.0006,2.5e-05
2015-06-09,0.0005165717907234,0.0002,-0.0028,0.0035,0.0013,0.0011,2.5e-05
2015-06-10,0.0123111517966719,0.012,0.0016,0.0019,-0.0006,0.0002,2.5e-05
2015-06-11,0.000166551055517,0.0021,-0.0009,-0.0011,0.0015,-0.0001,2.5e-05
2015-06-12,-0.0075903372315671,-0.0063,0.0034,0.0013,0.0006,0.001,2.5e-05
2015-06-15,-0.0074269736230723,-0.0045,0.0016,-0.0013,-0.0017,-0.0025,2.5e-05
2015-06-16,0.0066407495099515,0.0057,0.0009,0.0,0.0009,-0.0007,2.5e-05
2015-06-17,0.0019523676575597,0.0016,-0.003,-0.0063,0.0021,-0.0011,2.5e-05
2015-06-18,0.0127680996740699,0.0099,0.0016,-0.0043,-0.0013,-0.0015,2.5e-05
2015-06-19,-0.0069113883515064,-0.0043,0.0051,-0.002,0.0006,-0.0006,2.5e-05
2015-06-22,0.0070857678891925,0.0063,0.0008,-0.0006,-0.0014,-0.0025,2.5e-05
2015-06-23,0.0093971507589085,0.0012,0.0024,0.0027,-0.0011,-0.0001,2.5e-05
2015-06-24,-0.0034979978152145,-0.0079,-0.0014,0.0013,0.0019,-0.0001,2.5e-05
2015-06-25,-0.0032607274215354,-0.0025,0.0033,-0.002,0.0015,-0.0008,2.5e-05
2015-06-26,-0.0010729364873358,-0.0006,-0.0019,0.0045,0.0029,0.0035,2.5e-05
2015-06-29,-0.0183169707798585,-0.0215,-0.0041,0.0018,0.0031,0.001,2.5e-05
2015-06-30,0.0014235781050518,0.0033,0.003,-0.0067,-0.003,-0.0064,2.5e-05
2015-07-01,0.0059266319771621,0.006,-0.0077,-0.0006,0.0007,0.0008,2.5e-05
2015-07-02,0.0014086987265241,-0.0011,-0.006,-0.0004,-0.0002,0.0001,2.5e-05
2015-07-06,-0.0042266969091944,-0.0037,0.0007,-0.0055,-0.0022,-0.0023,2.5e-05
2015-07-07,0.000828597647981,0.0053,-0.0048,-0.0025,0.0042,-0.0002,2.5e-05
2015-07-08,-0.0155118601675478,-0.0168,-0.0005,0.0007,0.0005,0.0011,2.5e-05
2015-07-09,0.0005977206292199,0.0028,0.0019,-0.0003,-0.0022,-0.0025,2.5e-05
2015-07-10,0.0138136155205549,0.0124,0.0019,-0.0055,-0.0018,-0.0007,2.5e-05
2015-07-13,0.0146022414067228,0.0114,-0.0012,-0.0042,0.0011,-0.0032,2.5e-05
2015-07-14,0.0055715091091116,0.0047,0.0012,0.0013,-0.0033,-0.0036,2.5e-05
2015-07-15,0.0001758886886073,-0.0019,-0.0081,-0.0008,-0.0027,-0.003,2.5e-05
2015-07-16,0.0125134219620227,0.0078,-0.0025,-0.0062,-0.0025,-0.0067,2.5e-05
2015-07-17,0.0059177443261326,0.0005,-0.0068,-0.0065,-0.0026,-0.0094,2.5e-05
2015-07-20,0.0059277449810586,-0.0001,-0.008,-0.0057,0.0027,-0.003,2.5e-05
2015-07-21,-0.0023997854958947,-0.0047,0.0008,0.003,-0.0014,-0.0006,2.5e-05
2015-07-22,-0.0105506654166276,-0.0018,0.0026,0.0019,-0.0043,0.0009,2.5e-05
2015-07-23,-0.006085001527333,-0.006,-0.0039,-0.0034,-0.0006,-0.0003,2.5e-05
2015-07-24,0.0066968038211243,-0.0108,-0.0067,-0.0002,-0.0021,-0.0002,2.5e-05
2015-07-27,-0.0081504090340204,-0.0074,-0.0025,0.0008,0.0002,0.0037,2.5e-05
2015-07-28,0.0068147888627328,0.0123,-0.0033,-0.0011,0.0013,0.0016,2.5e-05
2015-07-29,0.0095717325091569,0.0074,-0.0021,0.0052,0.0094,0.003,2.5e-05
2015-07-30,0.0003167829145572,0.0012,0.0019,-0.0026,0.0006,-0.0014,2.5e-05
2015-07-31,-0.0086969358982108,-0.0015,0.0072,-0.0099,0.0023,-0.0007,2.5e-05
2015-08-03,-0.0054953596467893,-0.0035,-0.0033,-0.0017,0.0008,0.0004,2.5e-05
2015-08-04,-0.0043288645784715,-0.0014,0.0004,-0.0019,-0.0001,0.0018,2.5e-05
2015-08-05,0.0067746808836953,0.0036,-0.0008,-0.0044,-0.0007,-0.0007,2.5e-05
2015-08-06,-0.0074957647142573,-0.0088,-0.0037,0.0199,0.0031,0.0074,2.5e-05
2015-08-07,-0.0052178216793094,-0.0036,-0.004,-0.0035,0.0033,0.0019,2.5e-05
2015-08-10,0.0145538101489786,0.0132,0.002,0.0069,0.0029,0.0005,2.5e-05
2015-08-11,-0.0131809524097613,-0.0098,-0.0006,0.0043,0.0005,0.0007,2.5e-05
2015-08-12,0.0013965638668797,0.0007,-0.0019,-0.0027,-0.0011,-0.0016,2.5e-05
2015-08-13,-0.0011454510107828,-0.0014,-0.0041,0.0001,0.001,-0.0009,2.5e-05
2015-08-14,0.0055510661570493,0.0043,0.0013,0.0044,-0.0008,0.0006,2.5e-05
2015-08-17,0.0053123209761161,0.006,0.0035,-0.0087,-0.0018,-0.0042,2.5e-05
2015-08-18,-0.0003450349117058,-0.0035,-0.0062,0.0034,0.0032,0.0009,2.5e-05
2015-08-19,-0.0081045390960573,-0.0085,-0.002,-0.0022,-0.0019,-0.0004,2.5e-05
2015-08-20,-0.0230433404534168,-0.0224,-0.0023,0.006,0.0054,0.0065,2.5e-05
2015-08-21,-0.0381116944811059,-0.0295,0.018,0.0014,-0.0075,0.0084,2.5e-05
2015-08-24,-0.0393801057131062,-0.039,0.0026,-0.0043,0.0037,0.0013,2.5e-05
2015-08-25,-0.0085010200758375,-0.0117,0.0057,-0.0061,-0.0025,-0.0065,2.5e-05
2015-08-26,0.0500272552812552,0.0368,-0.0142,-0.0037,0.0015,-0.0068,2.5e-05
2015-08-27,0.0283576956721562,0.024,-0.0058,0.0062,-0.0021,-0.0022,2.5e-05
2015-08-28,0.0006268319852193,0.0023,0.0098,0.0008,-0.0016,0.0008,2.5e-05
2015-08-31,-0.0075755769400864,-0.0074,0.009,0.0142,0.001,0.0051,2.5e-05
2015-09-01,-0.0342297761068912,-0.0291,0.0025,-0.0051,-0.0006,0.0007,2.5e-05
2015-09-02,0.025627855749506,0.0181,-0.0031,-0.0092,0.002,-0.0069,2.5e-05
2015-09-03,-0.0043358340421038,0.0017,-0.0018,0.0072,0.0032,0.0077,2.5e-05
2015-09-04,-0.0141170719059756,-0.0139,0.0082,-0.0057,-0.001,-0.0047,2.5e-05
2015-09-08,0.0263738675641147,0.0252,-0.004,-0.0055,-0.0012,-0.0028,2.5e-05
2015-09-09,-0.0122811160233083,-0.0134,0.0016,0.0011,0.0018,0.0001,2.5e-05
2015-09-10,0.0087999878109339,0.0049,-0.0021,-0.0031,-0.0028,-0.0069,2.5e-05
2015-09-11,0.005171443513642,0.0044,-0.0028,-0.007,-0.0011,-0.0029,2.5e-05
2015-09-14,-0.0029699401984505,-0.0041,0.0003,0.0001,-0.0004,-0.0007,2.5e-05
2015-09-15,0.0117085793721,0.0122,-0.0015,0.0025,0.0005,0.0009,2.5e-05
2015-09-16,0.0091174052757728,0.0084,0.0006,0.0044,0.0041,0.0022,2.5e-05
2015-09-17,-0.0031498957030627,-0.0017,0.0075,-0.015,-0.0034,-0.0054,2.5e-05
2015-09-18,-0.012612573502172,-0.0162,0.0027,-0.0096,-0.0045,-0.0053,2.5e-05
2015-09-21,0.0093986632584152,0.0036,-0.0084,0.0121,0.0041,0.0021,2.5e-05
2015-09-22,-0.0100408275509981,-0.0129,-0.0029,0.0014,0.0024,0.0007,2.5e-05
2015-09-23,-1.89255374061595e-05,-0.0027,-0.0022,-0.0014,-0.0023,-0.0028,2.5e-05
2015-09-24,-0.0012435677485437,-0.0036,0.0024,0.0056,-0.0004,0.0003,2.5e-05
2015-09-25,-0.002014123263716,-0.0022,-0.0143,0.0188,0.0057,0.007,2.5e-05
2015-09-28,-0.0197804187172181,-0.0263,-0.002,0.0117,0.005,0.0071,2.5e-05
2015-09-29,-0.0037616646787112,-0.0007,-0.006,0.0071,0.007,0.0065,2.5e-05
2015-09-30,0.0203211675555743,0.0188,-0.0048,-0.0048,-0.0038,-0.0034,2.5e-05
2015-10-01,0.0032374394290846,0.0013,-0.0051,-0.0005,-0.0007,-0.0021,2.5e-05
2015-10-02,0.0120305809794332,0.0148,0.0029,-0.0084,-0.0007,-0.0002,2.5e-05
2015-10-05,0.0207857722848347,0.0193,0.0074,0.0077,0.0023,0.0063,2.5e-05
2015-10-06,-0.0002865195953426,-0.0043,-0.0008,0.0172,0.0041,0.0058,2.5e-05
2015-10-07,0.0068019149301205,0.0094,0.0068,-0.0024,-0.0024,0.0,2.5e-05
2015-10-08,0.0018044922125077,0.0084,0.0034,0.0076,0.0057,0.0075,2.5e-05
2015-10-09,0.0023771547214953,0.0012,0.001,-0.0108,0.0012,-0.0017,2.5e-05
2015-10-12,0.0035966444536952,0.0006,-0.0044,-0.0007,-0.0002,-0.001,2.5e-05
2015-10-13,-0.0027607854576887,-0.0074,-0.0067,0.0069,0.0028,0.002,2.5e-05
2015-10-14,-0.0063436143430154,-0.006,-0.0025,-0.0002,-0.0034,0.0038,2.5e-05
2015-10-15,0.019166869381146,0.0156,0.0061,-0.0015,-0.0115,-0.005,2.5e-05
2015-10-16,0.012313935439079,0.0036,-0.0055,-0.0035,-0.0001,0.0001,2.5e-05
2015-10-19,-0.0008664654342766,0.0,0.0009,-0.0071,0.0011,-0.0035,2.5e-05
2015-10-20,-0.002147953198372,-0.0015,0.0017,0.0121,0.0053,0.0028,2.5e-05
2015-10-21,-0.0040696307228124,-0.0074,-0.009,-0.0018,0.0036,0.0022,2.5e-05
2015-10-22,0.0201097281731209,0.015,-0.0076,0.0047,0.0004,0.0057,2.5e-05
2015-10-23,0.0255742196575046,0.0109,-0.0009,-0.006,0.0013,-0.0084,2.5e-05
2015-10-26,2.22361194901985e-05,-0.002,-0.0047,-0.0072,0.0016,-0.0019,2.5e-05
2015-10-27,-0.0036632260399722,-0.0042,-0.0106,-0.0088,-0.0047,-0.0052,2.5e-05
2015-10-28,0.0124597755439105,0.0143,0.015,0.0064,-0.0069,-0.0024,2.5e-05
2015-10-29,0.002992174537649,-0.002,-0.0089,0.0009,0.0049,-0.002,2.5e-05
2015-10-30,-0.0086892445577301,-0.0041,0.0022,-0.0054,0.0042,0.0009,2.5e-05
2015-11-02,0.0137949071709417,0.0125,0.009,-0.0002,-0.0047,-0.0005,2.5e-05
2015-11-03,0.0048592221250707,0.0032,0.0048,0.0021,0.001,-0.0009,2.5e-05
2015-11-04,0.0025485282513033,-0.0026,0.0018,-0.0033,-0.0062,-0.007,2.5e-05
2015-11-05,0.006967897793408,-0.0008,0.0003,0.0045,-0.0004,0.0013,2.5e-05
2015-11-06,0.0031038453805228,0.0014,0.0086,0.0029,-0.0069,-0.0016,2.5e-05
2015-11-09,-0.0102666550002298,-0.0095,-0.0027,-0.0005,-0.007,-0.0002,2.5e-05
2015-11-10,0.000261811953007,0.0013,0.0001,0.0026,-0.001,0.0019,2.5e-05
2015-11-11,0.0044726798114321,-0.0043,-0.0057,-0.0018,-0.0017,0.0005,2.5e-05
2015-11-12,-0.0129223015854024,-0.0145,-0.0056,-0.0045,0.0015,-0.0027,2.5e-05
2015-11-13,-0.0161686436202128,-0.0106,0.0032,0.0038,-0.005,0.0043,2.5e-05
2015-11-16,0.0147043134779275,0.0139,-0.0052,0.0046,0.0024,-0.0013,2.5e-05
2015-11-17,-0.0020267081104393,-0.0011,-0.0024,-0.0066,0.0,-0.0017,2.5e-05
2015-11-18,0.0179011062535414,0.0161,-0.0001,-0.0008,-0.0006,-0.0039,2.5e-05
2015-11-19,-0.0014391819030766,-0.0013,-0.0028,-0.0011,0.0018,0.0014,2.5e-05
2015-11-20,0.0047853928160828,0.0035,0.004,-0.0041,0.0026,0.0002,2.5e-05
2015-11-23,-0.0010776291070906,-0.0001,0.0061,-0.0036,0.0006,-0.0017,2.5e-05
2015-11-24,-6.9739846880844e-05,0.0021,0.0076,0.0027,0.0026,0.0011,2.5e-05
2015-11-25,-0.0032909892864285,0.0009,0.0084,-0.0055,-0.0013,-0.0011,2.5e-05
2015-11-27,0.0013227606819665,0.0009,0.0019,-0.0029,-0.0021,0.0007,2.5e-05
2015-11-30,-0.0039986808157583,-0.0047,0.002,0.0069,-0.002,0.0009,2.5e-05
2015-12-01,0.0106055303808981,0.0097,-0.0063,0.0025,-0.0012,-0.0014,2.5e-05
2015-12-02,-0.0091122575189937,-0.0101,0.0018,-0.007,-0.0003,-0.0015,2.5e-05
2015-12-03,-0.0121373363284025,-0.015,-0.002,0.0044,0.0025,0.0021,2.5e-05
2015-12-04,0.0218218085462044,0.0186,-0.0107,-0.0052,0.0011,-0.0034,2.5e-05
2015-12-07,-0.005835371280082,-0.0084,-0.0088,-0.0066,0.0057,0.0018,2.5e-05
2015-12-08,-0.0057691830380157,-0.0059,0.0026,-0.0123,-0.002,-0.0078,2.5e-05
2015-12-09,-0.0076300398029677,-0.0083,-0.002,0.0041,0.0053,0.0063,2.5e-05
2015-12-10,0.0034359098397463,0.003,0.001,-0.0022,0.0018,-0.0019,2.5e-05
2015-12-11,-0.0211824623230257,-0.0203,-0.0021,-0.0006,0.0008,0.0035,2.5e-05
2015-12-14,0.0122055510497663,0.0029,-0.0113,-0.0019,0.0005,-0.0034,2.5e-05
2015-12-15,0.0093626162911847,0.011,0.0021,0.0076,-0.0076,0.0013,2.5e-05
2015-12-16,0.0155618372650819,0.0147,0.0001,-0.0064,-0.0011,-0.0018,2.5e-05
2015-12-17,-0.0119858766713679,-0.0146,0.003,-0.0031,-0.0028,-0.0007,2.5e-05
2015-12-18,-0.0178170727050986,-0.017,0.0069,-0.0039,-0.0039,0.002,2.5e-05
2015-12-21,0.0072362731571792,0.0074,-0.0018,-0.0005,-0.001,0.0005,2.5e-05
2015-12-22,0.0049138312281305,0.0089,0.0002,0.0051,0.0022,0.005,2.5e-05
2015-12-23,0.010664545597671,0.013,0.0024,0.0059,0.001,0.0014,2.5e-05
2015-12-24,-0.0026054166584882,-0.0011,0.0027,-0.0003,-0.0021,0.0008,2.5e-05
2015-12-28,0.001201383345615,-0.0029,-0.0054,-0.0038,-0.0001,-0.0007,2.5e-05
2015-12-29,0.0122018698222723,0.0105,0.0003,-0.0031,0.0002,-0.0034,2.5e-05
2015-12-30,-0.0077417377058128,-0.0074,-0.0017,-0.0013,0.0001,0.0015,2.5e-05
2015-12-31,-0.0105221387178198,-0.0092,-0.002,0.0024,-0.0004,0.001,2.5e-05
2016-01-04,-0.0184739876602208,-0.0159,-0.0073,0.0053,0.0046,0.0042,2.5e-05
2016-01-05,0.0002068224516302,0.0012,-0.0025,0.0,0.0001,0.0033,2.5e-05
2016-01-06,-0.0091571223194265,-0.0135,-0.0023,-0.0001,0.0,0.0003,2.5e-05
2016-01-07,-0.0324056146375766,-0.0244,-0.0029,0.0008,0.0039,0.0042,2.5e-05
2016-01-08,-0.0077193016774572,-0.0111,-0.0052,-0.0003,0.0023,0.0005,2.5e-05
2016-01-11,0.0034382835793353,-0.0006,-0.0063,0.0034,0.0056,0.0044,2.5e-05
2016-01-12,0.0081337369137554,0.0071,-0.0046,-0.0077,-0.0007,-0.003,2.5e-05
2016-01-13,-0.0219831002203979,-0.0267,-0.0059,0.0078,0.0023,0.0068,2.5e-05
2016-01-14,0.0251162590835795,0.0165,-0.0006,-0.0041,-0.0054,-0.0047,2.5e-05
2016-01-15,-0.0249042131583637,-0.0214,0.004,-0.0021,0.0031,0.0033,2.5e-05
2016-01-19,0.0002266948675382,-0.002,-0.0138,-0.0007,0.0028,0.0026,2.5e-05
2016-01-20,-0.0144063850718411,-0.0094,0.0167,-0.0124,0.0002,-0.0055,2.5e-05
2016-01-21,0.0047029896197716,0.0045,-0.0045,0.0001,0.0049,0.0061,2.5e-05
2016-01-22,0.0271097750804248,0.0208,0.0014,-0.0019,-0.0038,-0.0076,2.5e-05
2016-01-25,-0.0121654019337691,-0.0171,-0.0052,-0.0098,0.0019,-0.0001,2.5e-05
2016-01-26,0.0174559190941538,0.0152,0.0059,0.0122,0.0065,0.0071,2.5e-05
2016-01-27,-0.0179406160123713,-0.0111,-0.0038,0.0172,-0.0027,0.0106,2.5e-05
2016-01-28,0.0338554308165439,0.0049,-0.0057,0.0127,-0.0036,-0.005,2.5e-05
2016-01-29,0.0180741163006995,0.0257,0.0059,0.0037,0.0018,0.0047,2.5e-05
2016-02-01,-0.0061435366946092,-0.0004,-0.0032,-0.0095,0.0013,-0.0039,3.5000000000000004e-05
2016-02-02,-0.0194458152030948,-0.02,-0.0014,-0.0034,0.0024,0.004,3.5000000000000004e-05
2016-02-03,0.0053893104067229,0.0046,-0.0022,0.0044,0.005,0.0039,3.5000000000000004e-05
2016-02-04,0.0044415162601196,0.0027,0.0038,0.0033,0.0024,0.0013,3.5000000000000004e-05
2016-02-05,-0.0262811724520421,-0.0206,-0.0073,0.0175,0.0109,0.0143,3.5000000000000004e-05
2016-02-08,-0.0081718371970354,-0.0151,0.0009,0.0089,0.0146,0.0095,3.5000000000000004e-05
2016-02-09,-0.0040500472190113,-0.001,-0.0056,-0.0029,-0.0002,0.0003,3.5000000000000004e-05
2016-02-10,0.0004882553674011,0.0001,-0.0021,-0.0056,-0.0024,-0.0081,3.5000000000000004e-05
2016-02-11,-0.0052875461887276,-0.0117,0.0028,-0.0148,0.0029,-0.004,3.5000000000000004e-05
2016-02-12,0.0184408204885852,0.0198,-0.0027,0.0115,-0.0037,0.0032,3.5000000000000004e-05
2016-02-16,0.0132500084344981,0.0178,0.0055,-0.0055,0.0007,-0.0026,3.5000000000000004e-05
2016-02-17,0.0151716671043713,0.0175,-0.0014,-0.0063,-0.0038,-0.0049,3.5000000000000004e-05
2016-02-18,-0.0055563483952655,-0.0051,-0.0002,0.0021,0.0025,0.0052,3.5000000000000004e-05
2016-02-19,0.0015498788238663,0.0006,0.003,-0.0062,-0.0065,-0.0041,3.5000000000000004e-05
2016-02-22,0.0149103333737674,0.0143,-0.0017,0.0024,0.0024,-0.002,3.5000000000000004e-05
2016-02-23,-0.0166818065625552,-0.0122,0.0037,-0.0052,0.0073,0.0049,3.5000000000000004e-05
2016-02-24,0.005238209677515,0.0053,0.0064,-0.0032,0.0,0.0012,3.5000000000000004e-05
2016-02-25,0.0104590180238134,0.011,-0.0045,0.0023,-0.001,-0.0025,3.5000000000000004e-05
2016-02-26,-0.0016854535979379,-0.0001,0.0085,0.0026,-0.0045,0.0002,3.5000000000000004e-05
2016-02-29,-0.0094228857726159,-0.0069,0.0071,0.0026,0.0012,0.0044,3.5000000000000004e-05
2016-03-01,0.0300291976739415,0.0234,-0.0063,0.003,-0.0049,-0.0054,3.5000000000000004e-05
2016-03-02,0.0061938601497209,0.0054,0.006,0.0071,-0.0064,-0.001,3.5000000000000004e-05
2016-03-03,-0.0007310576412915,0.0051,0.0057,0.0065,0.0038,0.0037,3.5000000000000004e-05
2016-03-04,-0.0001158980861553,0.0037,0.0033,0.0029,0.0008,0.0007,3.5000000000000004e-05
2016-03-07,-0.0055332907262496,0.0021,0.0133,0.0054,-0.0035,0.0043,3.5000000000000004e-05
2016-03-08,-0.0059167778721844,-0.0127,-0.0127,-0.0049,0.0056,0.0014,3.5000000000000004e-05
2016-03-09,0.0047836694305307,0.005,0.0011,0.0038,0.0022,0.0013,3.5000000000000004e-05
2016-03-10,-0.002294351005416,-0.0011,-0.0074,0.0063,0.0029,0.0019,3.5000000000000004e-05
2016-03-11,0.0112794376711966,0.0169,0.003,0.0019,-0.0034,-0.0031,3.5000000000000004e-05
2016-03-14,0.0011744836769434,-0.0012,-0.0013,-0.0087,0.0007,-0.0024,3.5000000000000004e-05
2016-03-15,0.0060292811308269,-0.0036,-0.0143,0.0067,0.0039,0.0007,3.5000000000000004e-05
2016-03-16,0.0035372259163291,0.0063,0.0012,-0.0004,0.007,-0.0003,3.5000000000000004e-05
2016-03-17,0.0009851410899679,0.0072,0.0097,0.0058,0.0019,0.0069,3.5000000000000004e-05
2016-03-18,-0.000822681561306,0.0054,0.0041,-0.0019,-0.002,0.0019,3.5000000000000004e-05
2016-03-21,0.002157970588688,0.001,-0.0028,-0.0031,-0.0011,-0.0035,3.5000000000000004e-05
2016-03-22,0.00241259099784,-0.0005,-0.0008,-0.0044,-0.0031,-0.0026,3.5000000000000004e-05
2016-03-23,0.0011749687219472,-0.0086,-0.0121,-0.0009,0.0052,0.0001,3.5000000000000004e-05
2016-03-24,0.0034953101647062,0.0,0.0042,-0.0006,-0.0001,-0.0003,3.5000000000000004e-05
2016-03-28,0.0001502047925084,0.0004,-0.0004,0.0014,-0.0005,0.0024,3.5000000000000004e-05
2016-03-29,0.0118298518834223,0.0107,0.0165,-0.0118,0.002,-0.0058,3.5000000000000004e-05
2016-03-30,0.0042704126432281,0.0041,-0.0027,0.0015,-0.0006,0.0002,3.5000000000000004e-05
2016-03-31,-0.0053669409312839,-0.0011,0.0041,-0.0048,-0.0008,-0.0012,3.5000000000000004e-05
2016-04-01,0.0060694859526733,0.0064,-0.0034,-0.0062,-0.0042,-0.0014,2.5e-05
2016-04-04,-0.0058110600141922,-0.0041,-0.0034,-0.0074,-0.0025,-0.0023,2.5e-05
2016-04-05,-0.0085470657813262,-0.0094,-0.0018,-0.0036,0.0009,0.0018,2.5e-05
2016-04-06,0.0091359212015482,0.0114,0.0006,-0.0082,-0.0049,-0.0063,2.5e-05
2016-04-07,-0.0111232625073419,-0.0123,-0.0009,-0.0035,-0.0002,0.0021,2.5e-05
2016-04-08,-0.0002106551113063,0.0029,0.0013,0.0068,0.0042,0.0028,2.5e-05
2016-04-11,-0.0009615329649592,-0.0028,0.0001,0.0095,0.0001,0.0029,2.5e-05
2016-04-12,0.0103942712716684,0.0099,0.0001,0.0085,0.001,-0.0016,2.5e-05
2016-04-13,0.0100954930865722,0.0123,0.0096,0.0036,-0.0045,-0.0034,2.5e-05
2016-04-14,0.0043143739951078,0.0003,-0.0026,0.0018,-0.0036,-0.0012,2.5e-05
2016-04-15,-0.0032541301622306,-0.0004,0.0029,-0.0033,0.0016,0.0016,2.5e-05
2016-04-18,0.0048524960789965,0.0065,0.0014,-0.0019,-0.0016,-0.0004,2.5e-05
2016-04-19,0.005102699525573,0.0029,-0.0018,0.0148,-0.0027,0.0037,2.5e-05
2016-04-20,0.002372920800858,0.0015,0.0,0.0054,-0.0034,-0.0012,2.5e-05
2016-04-21,-0.0043683098519369,-0.0047,-0.0001,-0.0059,-0.006,-0.0034,2.5e-05
2016-04-22,-0.0117652415336442,0.0012,0.0103,0.0049,-0.0005,0.0096,2.5e-05
2016-04-25,4.50898123938664e-05,-0.0024,-0.0066,-0.0018,-0.0001,-0.0016,2.5e-05
2016-04-26,-0.0043878654592094,0.0029,0.0082,0.0078,0.0035,0.0061,2.5e-05
2016-04-27,-0.0065842141584168,0.0021,0.0025,0.0068,-0.001,0.0079,2.5e-05
2016-04-28,-0.0005489651131549,-0.0096,-0.0021,0.0005,-0.0048,0.0055,2.5e-05
2016-04-29,0.0094458266871409,-0.005,-0.002,0.0038,-0.0009,-0.0025,2.5e-05
2016-05-02,0.0104787518668472,0.0078,-0.0004,-0.0036,-0.0006,-0.001,3.5000000000000004e-05
2016-05-03,-0.0080473283530892,-0.0105,-0.0074,-0.005,0.0052,0.0002,3.5000000000000004e-05
2016-05-04,-0.004981384657198,-0.0066,-0.0017,0.0006,0.004,0.0029,3.5000000000000004e-05
2016-05-05,-0.0033671876135286,-0.0008,-0.0052,0.0009,0.0018,0.0001,3.5000000000000004e-05
2016-05-06,0.0071517209913695,0.0038,0.0007,0.0024,0.0014,0.0024,3.5000000000000004e-05
2016-05-09,-0.0008529681996081,0.0005,0.0018,-0.0148,0.0,-0.0051,3.5000000000000004e-05
2016-05-10,0.0156205418867185,0.0126,-0.0036,0.0047,-0.0007,0.0005,3.5000000000000004e-05
2016-05-11,-0.0024307970378025,-0.0089,-0.0034,0.0078,-0.0047,0.0,3.5000000000000004e-05
2016-05-12,0.0008353557715626,-0.0011,-0.0059,0.0014,0.0034,0.0011,3.5000000000000004e-05
2016-05-13,-0.0080939269536831,-0.0082,0.0028,-0.0066,-0.0056,-0.0018,3.5000000000000004e-05
2016-05-16,0.0092194544642134,0.0099,0.0021,-0.0024,-0.0001,-0.0031,3.5000000000000004e-05
2016-05-17,-0.00822604978637,-0.0095,-0.0068,0.0061,-0.0003,-0.0009,3.5000000000000004e-05
2016-05-18,0.0041461393068785,0.001,0.0015,0.0084,-0.0134,-0.0065,3.5000000000000004e-05
2016-05-19,-0.003990974861227,-0.0033,-0.0032,-0.0029,0.0033,-0.0001,3.5000000000000004e-05
2016-05-20,0.0041849940766974,0.0075,0.0084,-0.0029,-0.0038,-0.0037,3.5000000000000004e-05
2016-05-23,-0.0035193631574509,-0.0018,0.0024,-0.0032,-0.0017,0.0009,3.5000000000000004e-05
2016-05-24,0.0123851032494904,0.0143,0.0061,-0.0034,-0.001,-0.0039,3.5000000000000004e-05
2016-05-25,0.0082363866663954,0.0072,-0.0013,0.0058,0.0024,-0.001,3.5000000000000004e-05
2016-05-26,0.0014450994095035,-0.0004,-0.0016,-0.0051,0.0014,-0.0022,3.5000000000000004e-05
2016-05-27,0.0022556660507545,0.0049,0.0035,-0.0022,-0.0009,-0.0009,3.5000000000000004e-05
2016-05-31,0.0010211981145803,-0.0001,0.0045,-0.0036,-0.0024,-0.0033,3.5000000000000004e-05
2016-06-01,-0.0029700180517904,0.002,0.0064,-0.0025,-0.0025,0.0008,3.5000000000000004e-05
2016-06-02,0.00098427569541,0.0035,0.0025,-0.0059,-0.0023,-0.0006,3.5000000000000004e-05
2016-06-03,-0.0033375835719375,-0.0038,-0.0018,-0.0009,0.0049,0.0017,3.5000000000000004e-05
2016-06-06,0.0063514538802738,0.006,0.0072,0.0032,-0.001,-0.0011,3.5000000000000004e-05
2016-06-07,0.0016018625838427,0.0012,0.0023,0.0011,0.0034,0.0023,3.5000000000000004e-05
2016-06-08,0.0021225523542489,0.0037,0.0043,-0.0012,0.0005,-0.0011,3.5000000000000004e-05
2016-06-09,0.0007522307189105,-0.0027,-0.0043,-0.0022,0.0029,0.0013,3.5000000000000004e-05
2016-06-10,-0.006988352199471,-0.0105,-0.004,-0.0018,0.0007,0.0059,3.5000000000000004e-05
2016-06-13,-0.0091346161185335,-0.0083,-0.0037,0.001,-0.0028,-0.0004,3.5000000000000004e-05
2016-06-14,0.0018714013420883,-0.0019,0.0014,-0.0071,0.0024,0.0003,3.5000000000000004e-05
2016-06-15,-0.0026865520240123,-0.0011,0.0027,-0.0005,0.0,0.0005,3.5000000000000004e-05
2016-06-16,0.0058866095653416,0.0024,-0.0031,-0.004,0.0028,0.0035,3.5000000000000004e-05
2016-06-17,-0.0072480412133044,-0.003,0.0008,0.0094,0.0048,0.0062,3.5000000000000004e-05
2016-06-20,0.003783547003956,0.0071,0.006,-0.0001,-0.0015,0.0012,3.5000000000000004e-05
2016-06-21,0.0070798898023548,0.0021,-0.0061,0.005,-0.0018,-0.0001,3.5000000000000004e-05
2016-06-22,-0.0026631872556598,-0.002,-0.003,0.0008,0.0006,0.0,3.5000000000000004e-05
2016-06-23,0.0126408671459997,0.0145,0.0056,0.0043,-0.0051,-0.002,3.5000000000000004e-05
2016-06-24,-0.0321568448110749,-0.037,0.0,-0.0114,0.0084,0.0008,3.5000000000000004e-05
2016-06-27,-0.0130137687601881,-0.0207,-0.0107,-0.0067,0.0036,0.0042,3.5000000000000004e-05
2016-06-28,0.0208297446302786,0.0176,-0.0037,0.0015,-0.006,-0.0058,3.5000000000000004e-05
2016-06-29,0.0157770139655249,0.018,0.0032,-0.0006,-0.0004,-0.0023,3.5000000000000004e-05
2016-06-30,0.0131289159678231,0.0142,0.0038,0.0045,-0.0011,0.0037,3.5000000000000004e-05
2016-07-01,0.0018822287363581,0.0024,0.0047,-0.0041,-0.0003,0.0024,3.5000000000000004e-05
2016-07-05,-0.0042634830866979,-0.0085,-0.0083,-0.0137,0.0057,-0.0068,3.5000000000000004e-05
2016-07-06,0.0094004843186587,0.0062,0.0017,-0.0013,-0.0012,-0.0016,3.5000000000000004e-05
2016-07-07,-0.0030036713365713,0.0002,0.0035,-0.002,0.0025,-0.0031,3.5000000000000004e-05
2016-07-08,0.0110090003215274,0.016,0.0095,0.0035,0.0008,0.0027,3.5000000000000004e-05
2016-07-11,0.0037978363360134,0.0043,0.0069,0.0026,0.0026,-0.0008,3.5000000000000004e-05
2016-07-12,0.0038654994512992,0.0075,0.0075,0.01,-0.0052,0.0064,3.5000000000000004e-05
2016-07-13,-0.0011768962640212,-0.0005,-0.0047,0.0051,0.0047,0.0,3.5000000000000004e-05
2016-07-14,0.0062812408802178,0.0051,-0.0041,0.0045,0.0,0.0,3.5000000000000004e-05
2016-07-15,-6.12174433884331e-05,-0.0005,0.0029,0.0001,-0.0028,0.0001,3.5000000000000004e-05
2016-07-18,0.0035936710694303,0.0025,0.0002,-0.0012,0.0012,-0.0024,3.5000000000000004e-05
2016-07-19,0.0011730990765447,-0.0022,-0.0064,0.0004,0.0031,-0.0024,3.5000000000000004e-05
2016-07-20,0.0068023755672924,0.0048,0.004,-0.0087,0.0,-0.0036,3.5000000000000004e-05
2016-07-21,-0.003834960710829,-0.0038,-0.0007,-0.0002,0.0007,0.0002,3.5000000000000004e-05
2016-07-22,0.001524494794691,0.0048,0.0028,-0.0008,0.0042,-0.0025,3.5000000000000004e-05
2016-07-25,-0.0058293517278917,-0.0027,-0.0001,-0.0024,0.0051,-0.0039,3.5000000000000004e-05
2016-07-26,-0.0038542862402759,0.0013,0.0062,0.0054,-0.0042,0.0074,3.5000000000000004e-05
2016-07-27,0.0077906054458889,-0.0014,0.0052,-0.0044,-0.0012,-0.0056,3.5000000000000004e-05
2016-07-28,0.0033239505089631,0.0018,-0.0045,-0.0035,-0.0007,-0.0015,3.5000000000000004e-05
2016-07-29,0.0011476591561097,0.0017,-0.0003,0.0003,0.0006,0.0031,3.5000000000000004e-05
2016-08-01,-0.0008458181823709,-0.0016,0.0006,-0.0087,0.0065,-0.0073,3.5000000000000004e-05
2016-08-02,-0.0034013268202938,-0.007,-0.0063,0.0017,-0.0051,0.0016,3.5000000000000004e-05
2016-08-03,0.0024946157271892,0.0045,0.0058,0.0083,-0.0065,0.0015,3.5000000000000004e-05
2016-08-04,0.0038538002844773,0.0005,0.0007,-0.0033,0.0011,0.0008,3.5000000000000004e-05
2016-08-05,0.0082955516506277,0.0093,0.0057,0.0087,-0.0051,-0.0036,3.5000000000000004e-05
2016-08-08,0.0011101584217259,-0.0006,0.0011,0.0057,0.0002,0.0044,3.5000000000000004e-05
2016-08-09,0.0008438150864083,0.0005,-0.0005,-0.0031,-0.0019,-0.0023,3.5000000000000004e-05
2016-08-10,-0.0040953574753639,-0.0029,-0.0045,-0.0013,0.0067,0.0,3.5000000000000004e-05
2016-08-11,0.0025034579080276,0.0054,0.0015,0.0004,-0.0025,0.0016,3.5000000000000004e-05
2016-08-12,8.55283371027497e-07,-0.0006,0.0013,-0.0018,-0.0013,-0.0027,3.5000000000000004e-05
2016-08-15,-0.0006351192212464,0.0039,0.008,0.004,-0.0026,0.0036,3.5000000000000004e-05
2016-08-16,-0.0064905315248439,-0.0057,-0.002,0.006,-0.0013,0.0031,3.5000000000000004e-05
2016-08-17,0.0026604567388913,0.0012,-0.005,0.0025,0.0001,0.0006,3.5000000000000004e-05
2016-08-18,-0.000655105365682,0.0032,0.0047,0.0037,-0.0043,0.0035,3.5000000000000004e-05
2016-08-19,-0.0042511174048692,-0.0011,0.001,-0.0012,0.0025,-0.0014,3.5000000000000004e-05
2016-08-22,-0.0005330586272098,-0.0002,0.0022,-0.0041,-0.0003,-0.0036,3.5000000000000004e-05
2016-08-23,0.0008186908135583,0.0027,0.0056,-0.0001,0.0006,0.0007,3.5000000000000004e-05
2016-08-24,-0.0022509630363761,-0.0056,-0.0043,0.004,0.0039,-0.0007,3.5000000000000004e-05
2016-08-25,0.0004790433818613,-0.0008,0.0022,0.0049,-0.002,0.0029,3.5000000000000004e-05
2016-08-26,0.0009402063207046,-0.0015,0.0013,-0.0013,-0.0034,-0.002,3.5000000000000004e-05
2016-08-29,0.0058536087533256,0.0053,0.0,0.0035,-0.0015,0.0021,3.5000000000000004e-05
2016-08-30,-0.0025752460457522,-0.0014,0.0021,0.0031,-0.0008,-0.003,3.5000000000000004e-05
2016-08-31,-0.0013355184611102,-0.0024,-0.0035,0.0014,0.0023,-0.0034,3.5000000000000004e-05
2016-09-01,0.0001393283189874,0.0003,0.0005,-0.0049,0.0012,-0.0013,3.5000000000000004e-05
2016-09-02,0.0034795418137903,0.0053,0.0042,0.0036,-0.0013,0.0019,3.5000000000000004e-05
2016-09-06,0.0067321211458545,0.0026,0.0,-0.0053,-0.0059,-0.0003,3.5000000000000004e-05
2016-09-07,0.0004279573153128,0.0009,0.0061,0.0003,-0.0001,-0.0025,3.5000000000000004e-05
2016-09-08,-0.003324264649258,-0.0018,0.0004,0.0058,-0.0082,0.0041,3.5000000000000004e-05
2016-09-09,-0.0231940065764573,-0.0247,-0.0055,0.003,0.0003,-0.0043,3.5000000000000004e-05
2016-09-12,0.0135318442721948,0.0144,-0.0004,-0.0047,-0.0007,-0.002,3.5000000000000004e-05
2016-09-13,-0.0104779973642069,-0.0148,-0.0032,-0.0047,0.0057,-0.0076,3.5000000000000004e-05
2016-09-14,0.0023449138318695,-0.0008,0.0005,-0.0082,0.0009,-0.0051,3.5000000000000004e-05
2016-09-15,0.011747656508675,0.0107,0.0031,-0.0032,0.0009,-0.0021,3.5000000000000004e-05
2016-09-16,-0.0026529190634659,-0.0036,0.0028,-0.0046,0.0026,-0.0019,3.5000000000000004e-05
2016-09-19,-0.0042833932888078,0.0005,0.005,0.0016,-0.0005,0.0034,3.5000000000000004e-05
2016-09-20,0.0001273582592519,-0.0002,-0.0033,-0.0052,-0.0046,-0.0011,3.5000000000000004e-05
2016-09-21,0.0092500059995201,0.0112,0.002,0.0033,-0.0033,0.0052,3.5000000000000004e-05
2016-09-22,0.0073214241373658,0.007,0.0081,-0.0006,0.0012,0.0013,3.5000000000000004e-05
2016-09-23,-0.0053172839311285,-0.006,-0.0008,-0.002,0.0041,-0.0046,3.5000000000000004e-05
2016-09-26,-0.0079201763639247,-0.0088,-0.003,-0.0035,-0.0021,0.002,3.5000000000000004e-05
2016-09-27,0.0105402342408149,0.0064,-0.0013,-0.0052,-0.0003,-0.0041,3.5000000000000004e-05
2016-09-28,0.0072509411355995,0.0056,0.0023,0.011,-0.0101,0.0114,3.5000000000000004e-05
2016-09-29,-0.0098705504821639,-0.0098,-0.0039,0.0055,0.0024,0.0067,3.5000000000000004e-05
2016-09-30,0.00598284339889,0.0088,0.0042,0.0035,-0.0012,0.001,3.5000000000000004e-05
2016-10-03,0.0002154784756063,-0.0026,0.0,-0.0021,0.0,0.001,3.5000000000000004e-05
2016-10-04,-0.003683122148614,-0.0046,0.0002,0.0017,0.0022,-0.0026,3.5000000000000004e-05
2016-10-05,0.0048329923813475,0.0058,0.0042,0.0079,-0.004,0.0044,3.5000000000000004e-05
2016-10-06,-0.000165919829464,-0.0006,-0.0023,0.0037,0.0039,0.0024,3.5000000000000004e-05
2016-10-07,-0.0007319912104478,-0.0038,-0.0053,0.0016,-0.0027,-0.0038,3.5000000000000004e-05
2016-10-10,0.0069021124841976,0.0052,0.0056,0.0001,-0.0058,-0.0022,3.5000000000000004e-05
2016-10-11,-0.0068915294582908,-0.013,-0.0057,0.0049,0.0031,0.0009,3.5000000000000004e-05
2016-10-12,0.001221053775892,0.0006,-0.0021,0.0037,0.0063,0.0015,3.5000000000000004e-05
2016-10-13,-0.0038868960858058,-0.0042,-0.0074,-0.0063,0.0032,-0.0013,3.5000000000000004e-05
2016-10-14,-0.0002053232060527,0.0001,-0.0033,0.0057,0.0006,0.0009,3.5000000000000004e-05
2016-10-17,-0.0018186225471355,-0.0029,-0.0003,0.0014,0.0006,0.0014,3.5000000000000004e-05
2016-10-18,0.0013576076819896,0.006,-0.0014,0.0003,-0.0013,-0.0029,3.5000000000000004e-05
2016-10-19,0.0019074753078311,0.0025,0.0012,0.0091,-0.001,0.0047,3.5000000000000004e-05
2016-10-20,-0.0035384041396914,-0.0016,-0.0004,-0.0011,-0.0046,-0.0004,3.5000000000000004e-05
2016-10-21,0.0017595219199162,0.0002,-0.0017,-0.0032,0.0032,-0.0018,3.5000000000000004e-05
2016-10-24,0.0061632197062788,0.0054,0.0007,-0.0016,0.0052,-0.0049,3.5000000000000004e-05
2016-10-25,-0.002195900348155,-0.0046,-0.006,0.0022,0.0,-0.0001,3.5000000000000004e-05
2016-10-26,-0.0042522998327609,-0.0023,-0.0073,0.0074,0.0008,0.0054,3.5000000000000004e-05
2016-10-27,-0.0033540036190745,-0.0033,-0.0095,0.006,-0.0015,-0.0004,3.5000000000000004e-05
2016-10-28,-0.0065241061727898,-0.0029,-0.001,0.001,0.0001,0.0033,3.5000000000000004e-05
2016-10-31,0.0009545523916898,0.0002,0.0008,0.0014,0.0051,-0.0032,3.5000000000000004e-05
2016-11-01,-0.0062953585070242,-0.0068,-0.0036,0.0017,-0.0057,-0.0006,3.5000000000000004e-05
2016-11-02,-0.0086682750115605,-0.0073,-0.0059,0.0036,0.0081,0.0015,3.5000000000000004e-05
2016-11-03,-0.0077195333724176,-0.004,-0.0038,0.0102,0.0011,0.0079,3.5000000000000004e-05
2016-11-04,-0.0037961677645364,-0.0012,0.0084,-0.0043,-0.0011,-0.0007,3.5000000000000004e-05
2016-11-07,0.022339040880367,0.0223,0.0018,-0.0015,-0.0028,-0.0018,3.5000000000000004e-05
2016-11-08,0.0053986335850779,0.004,-0.0011,-0.0019,0.0,0.0029,3.5000000000000004e-05
2016-11-09,0.007672618610418,0.0146,0.0206,0.0099,-0.0085,0.0074,3.5000000000000004e-05
2016-11-10,-0.006384349607839,0.0032,0.0143,0.018,-0.0031,0.0037,3.5000000000000004e-05
2016-11-11,-0.0026603619758555,0.0018,0.0251,-0.0004,0.0009,-0.0035,3.5000000000000004e-05
2016-11-14,-0.0112118025468325,0.0021,0.0087,0.0142,-0.0013,0.0035,3.5000000000000004e-05
2016-11-15,0.0138195293059751,0.008,-0.0054,0.0015,-0.0051,0.0018,3.5000000000000004e-05
2016-11-16,0.0011671086250326,-0.0012,0.0023,-0.0056,0.0082,-0.0017,3.5000000000000004e-05
2016-11-17,0.0060387009823202,0.0056,0.0016,-0.0013,0.0025,-0.0047,3.5000000000000004e-05
2016-11-18,-0.0013515615791248,-0.0016,0.0057,0.0039,-0.0019,0.001,3.5000000000000004e-05
2016-11-21,0.0130080210746084,0.0077,-0.0026,0.0009,-0.0004,0.0031,3.5000000000000004e-05
2016-11-22,0.0032741371343592,0.0031,0.0063,0.0059,0.0076,0.0031,3.5000000000000004e-05
2016-11-23,-0.0009999977754552,0.0016,0.0058,0.0018,-0.0027,0.0018,3.5000000000000004e-05
2016-11-25,0.0033977922903371,0.004,-0.0007,-0.0025,0.0022,-0.0015,3.5000000000000004e-05
2016-11-28,-0.0042382397090123,-0.0064,-0.0079,0.0006,0.0058,-0.0034,3.5000000000000004e-05
2016-11-29,-0.0008203222713972,0.0011,-0.004,-0.0007,0.0042,-0.0049,3.5000000000000004e-05
2016-11-30,-0.0074649887825491,-0.0025,-0.0017,0.0224,-0.0144,0.0197,3.5000000000000004e-05
2016-12-01,-0.0018860443577376,-0.0036,-0.004,0.0204,0.0028,0.0062,3.5000000000000004e-05
2016-12-02,-0.0005778728167103,0.0,0.0,-0.0032,-0.0003,0.0008,3.5000000000000004e-05
2016-12-05,0.0078737743600923,0.0075,0.0113,0.0028,-0.0025,-0.0018,3.5000000000000004e-05
2016-12-06,0.0041077089377272,0.0048,0.0064,0.0023,-0.0013,-0.001,3.5000000000000004e-05
2016-12-07,0.0099962441103313,0.0126,-0.005,0.0053,0.0081,-0.0001,3.5000000000000004e-05
2016-12-08,0.0021348559691756,0.0036,0.0124,0.0059,-0.0027,-0.001,3.5000000000000004e-05
2016-12-09,0.0078823267706614,0.0046,-0.0036,0.0013,-0.0012,-0.0005,3.5000000000000004e-05
2016-12-12,0.0035853467460618,-0.003,-0.0097,-0.001,-0.0006,0.0007,3.5000000000000004e-05
2016-12-13,0.0105100228210827,0.006,-0.0057,-0.0028,0.0002,-0.0017,3.5000000000000004e-05
2016-12-14,-0.0062548681204452,-0.0082,-0.0038,-0.0028,0.0044,-0.0052,3.5000000000000004e-05
2016-12-15,0.0027831632906149,0.0046,0.0045,0.0028,0.0004,0.0005,3.5000000000000004e-05
2016-12-16,-0.0002976925247544,-0.0022,-0.0003,-0.0042,-0.0017,0.0,3.5000000000000004e-05
2016-12-19,0.0052628246391594,0.0022,0.0032,0.0009,0.0027,0.0004,3.5000000000000004e-05
2016-12-20,0.0039431862387195,0.0044,0.005,0.0068,0.0009,0.0007,3.5000000000000004e-05
2016-12-21,-0.0009707353602673,-0.0024,-0.0035,0.0023,0.0014,0.0006,3.5000000000000004e-05
2016-12-22,-0.0011272280584501,-0.003,-0.0077,0.0024,-0.0023,0.0006,3.5000000000000004e-05
2016-12-23,-0.000534027672515,0.0019,0.0053,-0.0051,-0.0028,-0.0014,3.5000000000000004e-05
2016-12-27,0.00302112415646,0.0027,0.0023,0.0013,0.0019,0.0003,3.5000000000000004e-05
2016-12-28,-0.0050702194220964,-0.0087,-0.0031,0.0009,0.0012,-0.0016,3.5000000000000004e-05
2016-12-29,-0.0016780830174057,-0.0004,0.0009,-0.0031,0.0026,0.0005,3.5000000000000004e-05
2016-12-30,-0.0062557163867072,-0.0052,-0.0005,0.002,-0.0014,0.0006,3.5000000000000004e-05
2017-01-03,0.00760454589841,0.0083,-0.0009,0.0008,-0.0017,0.0027,4.5e-05
2017-01-04,-0.000174475894252,0.0079,0.0097,-0.0015,-0.0032,-0.0003,4.5e-05
2017-01-05,0.0033740677284265,-0.0021,-0.0099,-0.008,-0.0008,-0.0009,4.5e-05
2017-01-06,0.0044583136758345,0.0029,-0.007,-0.0031,-0.0023,-0.0029,4.5e-05
2017-01-09,-0.0015648926248452,-0.0037,-0.0031,-0.0104,0.0024,-0.0052,4.5e-05
2017-01-10,-0.0020548522909945,0.0016,0.0102,0.0056,-0.001,0.0006,4.5e-05
2017-01-11,0.0040140517225179,0.0031,-0.0023,0.0053,0.0014,0.0028,4.5e-05
2017-01-12,4.83178970606246e-05,-0.003,-0.0065,-0.0088,0.0005,-0.0029,4.5e-05
2017-01-13,0.0022958586798231,0.0029,0.0062,-0.0008,-0.0022,-0.0015,4.5e-05
2017-01-17,-0.003208530465554,-0.0049,-0.0097,-0.0059,0.0053,0.0042,4.5e-05
2017-01-18,-0.0023259024675831,0.0024,0.0021,0.0024,-0.0007,-0.001,4.5e-05
2017-01-19,-0.0035108364130596,-0.0038,-0.0053,-0.0004,-0.0001,-0.0003,4.5e-05
2017-01-20,0.0012117263078725,0.0033,0.0008,0.0019,0.0007,-0.0001,4.5e-05
2017-01-23,0.0006943770714021,-0.0029,-0.0005,-0.0031,0.0045,-0.0037,4.5e-05
2017-01-24,0.0005261134845699,0.0083,0.0079,0.0081,-0.0015,0.005,4.5e-05
2017-01-25,0.0102926861445054,0.0084,0.002,0.0036,-0.0026,-0.0014,4.5e-05
2017-01-26,0.0036920800594981,-0.001,-0.0058,0.0038,-0.0012,-0.0017,4.5e-05
2017-01-27,0.0028160600263754,-0.0012,-0.0004,-0.0066,0.0011,0.0007,4.5e-05
2017-01-30,-0.0060424216377433,-0.0068,-0.0074,-0.0042,0.0058,-0.0015,4.5e-05
2017-01-31,-0.0055790475022625,0.0,0.0082,-0.0055,-0.0041,-0.0021,4.5e-05
2017-02-01,0.0074558330016094,0.0004,-0.0005,0.0003,0.0025,-0.0025,4.5e-05
2017-02-02,-0.0037012205207657,-0.0002,-0.0032,-0.0031,-0.0024,0.002,4.5e-05
2017-02-03,0.0014100839967864,0.0082,0.0066,0.0064,-0.0046,0.0035,4.5e-05
2017-02-06,-0.0001876638666036,-0.0027,-0.0061,-0.002,0.0008,-0.0021,4.5e-05
2017-02-07,0.0002562437271012,-0.0001,-0.0038,-0.0052,0.0043,-0.0023,4.5e-05
2017-02-08,0.0012190569150513,0.0006,-0.0028,-0.0053,0.0034,-0.0011,4.5e-05
2017-02-09,0.0058735472308513,0.0072,0.0073,0.0002,-0.0027,0.0003,4.5e-05
2017-02-10,0.0029854165754326,0.0038,0.0039,0.0012,-0.0002,0.0016,4.5e-05
2017-02-13,0.005304249634395,0.0049,-0.0028,0.0032,-0.0004,0.0005,4.5e-05
2017-02-14,0.0048299052255049,0.0045,-0.0016,0.0033,-0.0044,-0.0007,4.5e-05
2017-02-15,0.004634119991357,0.0054,0.0015,-0.0044,0.0029,-0.0008,4.5e-05
2017-02-16,0.0007035347876831,-0.0016,-0.0021,-0.0003,0.0025,-0.0022,4.5e-05
2017-02-17,0.0003053891659117,0.002,-0.0006,-0.0057,0.0006,-0.0038,4.5e-05
2017-02-21,0.0053352654160338,0.006,0.0004,0.0013,0.0034,0.0035,4.5e-05
2017-02-22,-0.0004402090737424,-0.0015,-0.0039,0.0011,0.0044,-0.0034,4.5e-05
2017-02-23,0.0028966625809782,-0.0011,-0.0073,0.0026,-0.0028,-0.0045,4.5e-05
2017-02-24,0.0007358716179111,0.0015,-0.001,-0.0092,0.0031,-0.0021,4.5e-05
2017-02-27,-0.0010902843556786,0.0022,0.0085,-0.0034,-0.0035,-0.0011,4.5e-05
2017-02-28,-0.00236476115525,-0.0042,-0.0135,0.002,-0.0002,-0.0014,4.5e-05
2017-03-01,0.016094424372156,0.0147,0.0053,0.0072,-0.0051,0.0055,3.5000000000000004e-05
2017-03-02,-0.0048131577774857,-0.007,-0.0056,-0.0088,0.0053,-0.0047,3.5000000000000004e-05
2017-03-03,0.0009354645987277,0.0009,-0.0016,0.0013,0.0002,-0.0008,3.5000000000000004e-05
2017-03-06,-0.0017419609631564,-0.0038,-0.0041,-0.001,-0.0001,0.0,3.5000000000000004e-05
2017-03-07,-0.0014610804421636,-0.0036,-0.0035,-0.0005,0.0008,-0.0025,3.5000000000000004e-05
2017-03-08,-0.0009900950618511,-0.0019,-0.0017,-0.0082,0.005,-0.0073,3.5000000000000004e-05
2017-03-09,0.0029485506353143,0.0004,-0.0051,-0.0027,-0.0054,-0.0016,3.5000000000000004e-05
2017-03-10,0.004288249090961,0.0034,0.0007,-0.0038,0.0027,0.0002,3.5000000000000004e-05
2017-03-13,-0.0006386852641907,0.0013,0.0033,-0.0003,-0.0008,0.0006,3.5000000000000004e-05
2017-03-14,-0.0031783017472757,-0.0036,-0.0023,0.0002,0.0046,-0.0025,3.5000000000000004e-05
2017-03-15,0.0076085789043804,0.0086,0.0072,-0.0041,-0.0009,0.0055,3.5000000000000004e-05
2017-03-16,-0.0006071225526381,-0.0006,0.0044,0.0024,-0.0011,-0.0038,3.5000000000000004e-05
2017-03-17,-0.001095187595019,-0.0008,0.0055,-0.0026,0.0013,-0.0002,3.5000000000000004e-05
2017-03-20,0.0001526707489368,-0.0025,-0.0016,-0.0075,-0.0012,-0.0003,3.5000000000000004e-05
2017-03-21,-0.0118234469901409,-0.0148,-0.0141,-0.0069,0.0078,0.0029,3.5000000000000004e-05
2017-03-22,0.0027935214027567,0.0016,-0.0033,-0.0054,0.0016,-0.0013,3.5000000000000004e-05
2017-03-23,-0.0008230460146685,-0.0003,0.0074,0.0046,-0.0006,0.0019,3.5000000000000004e-05
2017-03-24,-0.000517209070871,-0.0005,0.0011,-0.0023,-0.0024,-0.0032,3.5000000000000004e-05
2017-03-27,-0.0007682723941909,-0.0005,0.0047,-0.0052,-0.0018,-0.0028,3.5000000000000004e-05
2017-03-28,0.008254166462769,0.0072,-0.0006,0.0071,0.0002,0.0038,3.5000000000000004e-05
2017-03-29,0.0027363374971039,0.0018,0.0034,-0.0006,-0.0019,0.0013,3.5000000000000004e-05
2017-03-30,0.0048741537440772,0.0036,0.004,0.0092,-0.0016,-0.0015,3.5000000000000004e-05
2017-03-31,-0.003588227422027,-0.0016,0.0055,-0.003,0.0016,0.0008,3.5000000000000004e-05
2017-04-03,0.0004639510666498,-0.0028,-0.0115,-0.0011,-0.0017,-0.0007,5.5e-05
2017-04-04,0.0042211604435482,0.0005,-0.0024,0.0031,-0.001,0.0018,5.5e-05
2017-04-05,-0.0022360857777817,-0.0044,-0.0083,-0.0031,0.0038,-0.0009,5.5e-05
2017-04-06,-0.0019096624186817,0.0032,0.0075,0.005,-0.0012,0.0037,5.5e-05
2017-04-07,-0.0016998001621898,-0.0008,0.0009,-0.0026,0.0001,-0.0004,5.5e-05
2017-04-10,0.0004228168750425,0.0008,0.0015,0.001,0.002,0.0048,5.5e-05
2017-04-11,-0.0035059946754054,-0.0005,0.008,0.0025,0.0018,0.0019,5.5e-05
2017-04-12,-0.0008231066164517,-0.0049,-0.0095,-0.0054,-0.0006,-0.0054,5.5e-05
2017-04-13,-0.007578335712297,-0.0075,-0.0033,-0.0079,0.0004,-0.0035,5.5e-05
2017-04-17,0.0080918508438406,0.0089,0.0029,0.0022,0.001,-0.0015,5.5e-05
2017-04-18,-0.0052498016341545,-0.0025,0.0031,-0.0016,0.0033,0.001,5.5e-05
2017-04-19,-0.0020300586338357,-0.0008,0.0056,-0.0039,0.0038,-0.0085,5.5e-05
2017-04-20,0.0076373504407944,0.0083,0.0058,0.0027,0.0024,-0.0019,5.5e-05
2017-04-21,-0.0048370149302364,-0.0028,0.0006,-0.0014,0.004,-0.002,5.5e-05
2017-04-24,0.0112206677099546,0.0118,0.0027,0.0051,-0.0002,0.0015,5.5e-05
2017-04-25,0.0038394953644352,0.0066,0.0039,-0.0005,-0.003,0.003,5.5e-05
2017-04-26,-3.16412226029934e-05,0.0004,0.0074,0.0031,0.002,0.0001,5.5e-05
2017-04-27,-0.0003733569154602,0.0005,-0.002,-0.0096,0.0031,-0.0059,5.5e-05
2017-04-28,0.00131278113885,-0.003,-0.0074,-0.006,0.0007,-0.0021,5.5e-05
2017-05-01,0.0070741081337958,0.0021,0.0026,-0.0013,-0.001,-0.0051,5.5e-05
2017-05-02,-2.72965688434206e-05,0.0003,-0.0046,-0.0021,0.0041,-0.0033,5.5e-05
2017-05-03,-0.0015568602748777,-0.0019,-0.0052,0.002,-0.0005,0.0013,5.5e-05
2017-05-04,-0.0039237165113458,0.0002,-0.0012,-0.0036,0.004,-0.007,5.5e-05
2017-05-05,0.0029786435942433,0.0046,0.0009,0.0005,-0.0022,0.0066,5.5e-05
2017-05-08,0.0058325969695296,-0.0004,-0.0024,0.0028,0.0009,0.0005,5.5e-05
2017-05-09,-0.0019146265828999,-0.0005,0.004,-0.0078,0.0037,-0.0037,5.5e-05
2017-05-10,0.0001159260659218,0.0021,0.0025,0.0002,-0.0025,0.0036,5.5e-05
2017-05-11,0.0008462449894263,-0.0026,-0.0041,-0.0015,-0.0032,-0.0001,5.5e-05
2017-05-12,0.0010920586323665,-0.0018,-0.0037,-0.0061,-0.0023,-0.0033,5.5e-05
2017-05-15,0.0031212486344285,0.0053,0.0026,0.002,-0.003,0.0005,5.5e-05
2017-05-16,0.0016960607012493,-0.0003,0.0011,-0.0009,-0.0022,-0.0014,5.5e-05
2017-05-17,-0.0234949375835364,-0.0197,-0.0099,-0.0054,0.005,0.003,5.5e-05
2017-05-18,0.0071087636284811,0.004,0.0001,-0.0039,-0.0029,-0.0061,5.5e-05
2017-05-19,0.0053133001932274,0.007,-0.0034,0.004,-0.0003,0.0079,5.5e-05
2017-05-22,0.004466237344259,0.0056,0.0024,-0.003,-0.0005,-0.0032,5.5e-05
2017-05-23,0.0027861315499638,0.0018,0.0,0.0061,-0.0026,0.0007,5.5e-05
2017-05-24,-0.0003966590059926,0.0024,-0.0021,-0.0049,0.0021,-0.0031,5.5e-05
2017-05-25,0.0030901049477001,0.0042,-0.0035,-0.0077,0.0063,-0.0064,5.5e-05
2017-05-26,-0.0005240348746152,0.0006,-0.0002,0.0009,0.0018,0.0015,5.5e-05
2017-05-30,-0.0004148364420022,-0.0019,-0.0054,-0.0032,0.0061,-0.0003,5.5e-05
2017-05-31,-0.0045796735724906,-0.0002,-0.0005,-0.0056,0.0026,-0.0009,5.5e-05
2017-06-01,0.0052452966564189,0.0095,0.01,0.0003,-0.0016,0.0004,5.5e-05
2017-06-02,0.0065545051419035,0.0035,0.0043,-0.0077,0.0027,-0.0048,5.5e-05
2017-06-05,0.0017763973335627,-0.0017,-0.0046,0.0,-0.0019,0.0001,5.5e-05
2017-06-06,0.0009477195037455,-0.0028,0.0011,-0.0006,-0.0051,0.0036,5.5e-05
2017-06-07,0.0013567780993764,0.0015,-0.0014,0.0001,0.0053,-0.0069,5.5e-05
2017-06-08,-6.90171341621981e-05,0.0018,0.0121,0.0092,-0.007,-0.0003,5.5e-05
2017-06-09,-0.0062200275239885,-0.0012,0.0026,0.0237,-0.0032,0.0113,5.5e-05
2017-06-12,0.0002398515183631,-0.0011,-0.0019,0.0036,-0.0002,0.0061,5.5e-05
2017-06-13,0.0033734001008126,0.0055,0.0006,-0.0014,-0.0024,-0.0008,5.5e-05
2017-06-14,-0.0022257386326549,-0.0017,-0.0055,-0.0055,0.0011,-0.0052,5.5e-05
2017-06-15,-0.0009055699487478,-0.003,-0.003,-0.0012,0.0002,-0.0007,5.5e-05
2017-06-16,0.004767860665224,-0.0003,-0.0026,-0.0018,-0.0049,0.0014,5.5e-05
2017-06-19,0.0073683798652653,0.0086,0.0011,-0.0074,-0.0002,-0.0009,5.5e-05
2017-06-20,-0.0077261339945157,-0.0073,-0.0044,-0.0051,-0.0023,-0.0025,5.5e-05
2017-06-21,-0.0004375959566912,-0.0007,-0.0021,-0.0168,-0.001,-0.0115,5.5e-05
2017-06-22,-0.0014152261247888,0.0002,0.0047,-0.0042,-0.001,-0.0004,5.5e-05
2017-06-23,0.0039541904186839,0.0024,0.0075,-0.005,-0.0033,0.0004,5.5e-05
2017-06-26,-0.0028954007060467,0.0004,0.0007,0.0068,0.0026,0.0018,5.5e-05
2017-06-27,-0.0109226618406458,-0.0084,-0.0022,0.0132,0.0029,0.0033,5.5e-05
2017-06-28,0.0080808021321071,0.0102,0.008,0.0022,-0.0016,-0.0008,5.5e-05
2017-06-29,-0.0085832665386733,-0.0083,0.0007,0.0138,-0.0026,0.0036,5.5e-05
2017-06-30,0.0003664224368953,0.0014,-0.001,-0.0025,0.0021,0.0029,5.5e-05
2017-07-03,0.0024394407352345,0.0024,0.0043,0.012,-0.0063,0.0065,6.500000000000001e-05
2017-07-05,0.0051021948444891,0.0012,-0.0069,-0.0055,0.0019,-0.0068,6.500000000000001e-05
2017-07-06,-0.0115524502462004,-0.0095,-0.0044,0.0012,0.0021,-0.0001,6.500000000000001e-05
2017-07-07,0.0055363423253283,0.007,0.0041,-0.0041,0.0024,-0.0051,6.500000000000001e-05
2017-07-10,0.002419376063493,0.0005,-0.0044,-0.0009,-0.0009,-0.001,6.500000000000001e-05
2017-07-11,0.0020634076980693,0.0,0.003,-0.0053,-0.0035,0.0015,6.500000000000001e-05
2017-07-12,0.0084837728575814,0.0072,0.0006,-0.0053,0.0016,-0.0023,6.500000000000001e-05
2017-07-13,0.0015373319096167,0.0017,-0.0001,0.0037,0.0,0.0021,6.500000000000001e-05
2017-07-14,0.0034141695851408,0.0042,-0.0022,-0.005,0.0022,0.0004,6.500000000000001e-05
2017-07-17,0.0004583386572977,0.0,0.0022,0.0013,0.0016,0.0007,6.500000000000001e-05
2017-07-18,0.004337632089422,0.0004,-0.0035,-0.0033,0.0008,-0.0042,6.500000000000001e-05
2017-07-19,0.0044423778979603,0.0059,0.0047,0.0004,-0.0027,0.0013,6.500000000000001e-05
2017-07-20,0.001802909076841,-0.0001,0.0004,-0.0001,0.0009,-0.0023,6.500000000000001e-05
2017-07-21,-0.0067875031551889,-0.0008,-0.0042,-0.0028,0.0012,-0.0029,6.500000000000001e-05
2017-07-24,-0.0011099777109565,-0.0003,0.0012,-0.002,-0.0023,-0.0039,6.500000000000001e-05
2017-07-25,0.0024577975016497,0.0038,0.0043,0.0092,-0.0024,0.007,6.500000000000001e-05
2017-07-26,0.0064383531534378,-0.0006,-0.0046,-0.007,-0.0019,0.0004,6.500000000000001e-05
2017-07-27,0.0040628821380568,-0.0014,-0.0066,0.0043,0.0019,0.0041,6.500000000000001e-05
2017-07-28,-0.0058401044722123,-0.0017,-0.0007,0.0023,-0.0018,0.0018,6.500000000000001e-05
2017-07-31,-0.0043368445535173,-0.0011,-0.0025,0.0044,-0.0006,0.0014,6.500000000000001e-05
2017-08-01,0.0025631806125223,0.0024,-0.0018,0.0018,0.0022,-0.0047,6.500000000000001e-05
2017-08-02,0.0033646459132586,-0.0008,-0.0115,0.0016,0.0005,-0.0034,6.500000000000001e-05
2017-08-03,-0.0015511859332235,-0.0021,-0.0034,-0.0029,0.003,-0.0028,6.500000000000001e-05
2017-08-04,0.0035418719787387,0.0025,0.0034,0.0036,-0.0007,0.0002,6.500000000000001e-05
2017-08-07,0.0030694729603547,0.0016,-0.0011,-0.0059,0.0025,-0.0037,6.500000000000001e-05
2017-08-08,-0.0012070198103716,-0.0024,-0.0011,0.0021,-0.0034,-0.0015,6.500000000000001e-05
2017-08-09,0.0009083255967056,-0.0014,-0.0081,-0.0012,0.0011,0.0004,6.500000000000001e-05
2017-08-10,-0.0150870046816239,-0.0149,-0.0032,0.0024,0.0025,0.0012,6.500000000000001e-05
2017-08-11,0.0022878798041965,0.002,0.0018,-0.0086,0.0042,-0.0011,6.500000000000001e-05
2017-08-14,0.0103831574973757,0.0103,0.0029,0.0005,0.0001,-0.0043,6.500000000000001e-05
2017-08-15,-0.0006637383094119,-0.0011,-0.0086,-0.0003,-0.0017,-0.0026,6.500000000000001e-05
2017-08-16,-0.0018529946175865,0.0018,-0.0014,-0.0045,0.0036,-0.0013,6.500000000000001e-05
2017-08-17,-0.0158279509079239,-0.0159,-0.0018,-0.0016,-0.0006,0.0012,6.500000000000001e-05
2017-08-18,-0.0012813121855895,-0.0015,0.0014,0.0021,-0.0026,-0.0001,6.500000000000001e-05
2017-08-21,-0.0005524938551752,0.0006,-0.0028,-0.0022,0.0021,-0.0009,6.500000000000001e-05
2017-08-22,0.0105762459648748,0.0107,-0.0002,-0.0025,-0.002,0.0012,6.500000000000001e-05
2017-08-23,-0.0049070912388426,-0.0032,0.0013,0.0041,-0.0049,0.001,6.500000000000001e-05
2017-08-24,-0.0034473412576399,-0.0014,0.0058,0.0018,-0.0045,0.0009,6.500000000000001e-05
2017-08-25,0.0013194377709471,0.0018,0.0016,0.0057,0.001,0.0024,6.500000000000001e-05
2017-08-28,0.000939181536024,0.0008,0.0032,-0.0074,0.0023,-0.0019,6.500000000000001e-05
2017-08-29,0.0021700062542899,0.001,0.0009,-0.0039,0.0006,0.0009,6.500000000000001e-05
2017-08-30,0.0021059796609833,0.0053,0.0002,-0.0031,0.0017,-0.0045,6.500000000000001e-05
2017-08-31,0.005960509251199,0.0062,0.004,-0.0042,-0.0026,-0.0009,6.500000000000001e-05
2017-09-01,0.0015108918166927,0.0027,0.0043,0.0045,-0.0008,0.0036,7.500000000000001e-05
2017-09-05,-0.0097506305072715,-0.0081,-0.0002,-0.0096,-0.0004,0.0053,7.500000000000001e-05
2017-09-06,0.0036615947892536,0.0028,-0.0001,0.0013,-0.003,0.0009,7.500000000000001e-05
2017-09-07,-0.0042233532338201,-0.0007,0.0001,-0.0094,0.0003,0.0007,7.500000000000001e-05
2017-09-08,-0.007746000867812,-0.0016,0.0013,0.0036,0.0022,-0.0014,7.500000000000001e-05
2017-09-11,0.0104542793314572,0.0108,-0.0009,0.0063,-0.0041,-0.0011,7.500000000000001e-05
2017-09-12,0.0033480018673463,0.0043,0.0034,0.0071,0.0007,0.0018,7.500000000000001e-05
2017-09-13,0.004297689861455,0.0011,0.003,0.0036,-0.0039,0.0009,7.500000000000001e-05
2017-09-14,-0.0020972240298776,-0.0012,-0.0005,-0.0006,-0.0035,0.0023,7.500000000000001e-05
2017-09-15,0.0047202741128894,0.0019,0.0024,0.0012,0.0023,0.0001,7.500000000000001e-05
2017-09-18,0.0022559743290239,0.0024,0.0041,0.0021,-0.0047,0.002,7.500000000000001e-05
2017-09-19,0.0040359495296097,0.0015,-0.0021,0.0035,0.0003,0.0007,7.500000000000001e-05
2017-09-20,-0.001655049760856,0.0016,0.0027,0.005,-0.002,0.0029,7.500000000000001e-05
2017-09-21,-0.0049257148615276,-0.0028,0.0017,0.0037,0.0001,-0.0008,7.500000000000001e-05
2017-09-22,-0.0011386166639995,0.0012,0.0044,0.0013,0.0038,0.0028,7.500000000000001e-05
2017-09-25,-0.0064217057264019,-0.0025,0.0033,0.0063,-0.0036,0.0065,7.500000000000001e-05
2017-09-26,-6.17539327620752e-05,0.0005,0.0045,0.0013,0.0057,-0.0012,7.500000000000001e-05
2017-09-27,0.0046207171301917,0.0063,0.0142,0.0018,-0.0026,-0.0052,7.500000000000001e-05
2017-09-28,0.0018994385342799,0.0013,0.0016,-0.0007,-0.0011,-0.0019,7.500000000000001e-05
2017-09-29,0.0039516864700692,0.0035,-0.0011,-0.0028,-0.0003,-0.0035,7.500000000000001e-05
2017-10-02,0.0025243944919495,0.005,0.0087,0.0016,-0.0025,0.0026,6.500000000000001e-05
2017-10-03,0.003640494231111,0.0026,-0.0002,-0.0002,0.0003,-0.0011,6.500000000000001e-05
2017-10-04,-0.0019154069967408,0.0005,-0.0034,-0.0044,-0.0005,0.0,6.500000000000001e-05
2017-10-05,0.0092795781787083,0.0055,-0.0031,0.0035,-0.0024,-0.0017,6.500000000000001e-05
2017-10-06,-0.0008822405211094,-0.0008,-0.0009,-0.0025,0.0019,-0.0036,6.500000000000001e-05
2017-10-09,-0.0040232317587339,-0.0022,-0.003,-0.0004,0.0011,-0.0017,6.500000000000001e-05
2017-10-10,0.0007959482023994,0.0024,0.0,0.0042,0.0004,0.0008,6.500000000000001e-05
2017-10-11,0.0024105884785521,0.0016,-0.0026,-0.0021,-0.0009,-0.0006,6.500000000000001e-05
2017-10-12,-0.0067654705895303,-0.0018,-0.001,-0.0051,0.0021,0.0011,6.500000000000001e-05
2017-10-13,0.0008921947037259,0.0004,-0.0028,0.001,0.0023,0.0001,6.500000000000001e-05
2017-10-16,0.0090323557026005,0.0017,-0.0026,0.0036,0.0003,-0.0008,6.500000000000001e-05
2017-10-17,0.0047836447769499,0.0001,-0.0037,-0.0032,0.0036,-0.0022,6.500000000000001e-05
2017-10-18,-0.0037127089302072,0.0014,0.0036,0.0021,0.0032,-0.0014,6.500000000000001e-05
2017-10-19,-0.0009534500651487,0.0002,-0.0034,0.0017,0.0013,0.0004,6.500000000000001e-05
2017-10-20,0.0044015677239293,0.0057,0.0001,0.0028,0.0008,0.0004,6.500000000000001e-05
2017-10-23,-0.0112734953299892,-0.0045,-0.0038,0.0012,0.0025,-0.0026,6.500000000000001e-05
2017-10-24,-0.0006758051497329,0.002,-0.0009,0.0047,0.0005,-0.0014,6.500000000000001e-05
2017-10-25,-0.0079993338741804,-0.0051,0.0001,0.0011,0.0025,-0.0043,6.500000000000001e-05
2017-10-26,0.0013223913911471,0.002,0.0005,0.0022,0.001,-0.0017,6.500000000000001e-05
2017-10-27,0.0290346758830088,0.0082,-0.0006,-0.01,0.0013,-0.0132,6.500000000000001e-05
2017-10-30,-0.0006018504691235,-0.0046,-0.0075,-0.0005,-0.0055,-0.0041,6.500000000000001e-05
2017-10-31,-0.0024280439491476,0.0023,0.0076,-0.0022,-0.0017,0.0022,6.500000000000001e-05
2017-11-01,0.0004184151878947,0.0005,-0.008,0.0014,-0.0006,-0.0008,6.500000000000001e-05
2017-11-02,-0.0027080074425206,0.0006,0.0,0.005,-0.0025,0.0034,6.500000000000001e-05
2017-11-03,0.0057919517371862,0.0031,-0.0052,-0.0066,-0.0016,-0.0015,6.500000000000001e-05
2017-11-06,0.0015388667630755,0.0006,0.0016,0.0019,-0.0057,0.0004,6.500000000000001e-05
2017-11-07,-0.0009118225524224,-0.002,-0.0142,-0.0039,0.0043,-0.0003,6.500000000000001e-05
2017-11-08,0.0024118927397884,0.0012,-0.0002,-0.0062,0.0062,-0.0001,6.500000000000001e-05
2017-11-09,-0.0003388707055334,-0.0041,0.0,0.0022,-0.0004,0.0008,6.500000000000001e-05
2017-11-10,0.0008379882816807,0.0001,0.0005,-0.0038,0.0016,0.0015,6.500000000000001e-05
2017-11-13,-0.0074383020027883,0.0009,-0.0029,0.0002,0.0008,-0.0074,6.500000000000001e-05
2017-11-14,-0.0109631273026294,-0.0022,-0.0007,0.0,0.0096,-0.0041,6.500000000000001e-05
2017-11-15,-0.0015161851146596,-0.0052,0.0004,0.0024,-0.0009,0.0015,6.500000000000001e-05
2017-11-16,0.0052076095881516,0.0101,0.0079,-0.0052,0.0057,0.0034,6.500000000000001e-05
2017-11-17,-0.0045598249699659,-0.0014,0.0073,0.0029,-0.0018,0.0035,6.500000000000001e-05
2017-11-20,-7.50938740675296e-05,0.0021,0.0063,0.0001,0.0026,0.0,6.500000000000001e-05
2017-11-21,0.0056680341748897,0.0067,0.0035,-0.0036,0.0003,-0.0062,6.500000000000001e-05
2017-11-22,0.0042678498007815,-0.0005,0.0008,-0.0004,-0.0025,0.0016,6.500000000000001e-05
2017-11-24,0.0049623452835248,0.0021,0.0001,-0.0044,0.0005,-0.0008,6.500000000000001e-05
2017-11-27,0.000375109525923,-0.0006,-0.0031,0.0003,0.006,-0.001,6.500000000000001e-05
2017-11-28,0.0104622662427583,0.0106,0.0056,0.0084,0.0033,0.0002,6.500000000000001e-05
2017-11-29,-0.0047752802655566,0.0002,0.0029,0.0145,0.0069,0.0059,6.500000000000001e-05
2017-11-30,0.0058374951619335,0.0082,-0.0061,-0.005,-0.0025,0.0003,6.500000000000001e-05
2017-12-01,-0.0041545823137721,-0.0022,-0.0033,0.0036,-0.0042,0.0032,6.500000000000001e-05
2017-12-04,-0.0055778321035487,-0.001,-0.0015,0.0122,0.0093,0.0056,6.500000000000001e-05
2017-12-05,-0.0027549063329266,-0.0043,-0.0046,-0.0024,0.0024,-0.0011,6.500000000000001e-05
2017-12-06,0.0018283092006298,-0.0009,-0.005,-0.0051,0.0043,-0.0051,6.500000000000001e-05
2017-12-07,0.002815298050839,0.0042,0.0028,-0.0017,-0.0017,0.0007,6.500000000000001e-05
2017-12-08,0.0055106861803879,0.0051,-0.0043,-0.0014,-0.0005,0.0006,6.500000000000001e-05
2017-12-11,0.0050087842510708,0.0026,-0.0042,-0.0015,-0.0007,0.0008,6.500000000000001e-05
2017-12-12,0.0055083662862909,0.0007,-0.0045,0.0052,0.0,0.0009,6.500000000000001e-05
2017-12-13,-0.0009686600200247,0.0002,0.0063,-0.0088,0.0029,-0.0006,6.500000000000001e-05
2017-12-14,-0.0036489677695178,-0.0047,-0.0075,-0.0022,-0.001,-0.0012,6.500000000000001e-05
2017-12-15,0.0105262534047756,0.0092,0.0068,0.0003,0.0032,-0.005,6.500000000000001e-05
2017-12-18,0.0029244636141961,0.0067,0.0081,0.0026,0.0018,0.0016,6.500000000000001e-05
2017-12-19,-0.0063961535179272,-0.003,-0.0035,-0.0026,0.0015,0.0038,6.500000000000001e-05
2017-12-20,-0.0021548885625195,0.0001,0.0038,0.0005,-0.0018,0.0027,6.500000000000001e-05
2017-12-21,0.0039328493974264,0.0023,0.0031,0.0062,-0.0071,0.0031,6.500000000000001e-05
2017-12-22,-0.0013595851815378,-0.0007,-0.0019,-0.002,-0.0005,0.0021,6.500000000000001e-05
2017-12-26,-0.0027148189365644,-0.0007,0.0031,-0.0006,-0.0017,0.0056,6.500000000000001e-05
2017-12-27,0.0016514734287984,0.0005,-0.0016,-0.0019,0.0006,-0.0012,6.500000000000001e-05
2017-12-28,0.0023165119530959,0.0022,0.001,0.0003,-0.0009,-0.002,6.500000000000001e-05
2017-12-29,-0.0062219098916279,-0.0057,-0.003,0.0002,0.0018,0.0014,6.500000000000001e-05
