Date,USO
2007-01-03,-4.26355830478908
2007-01-04,-4.06883181907562
2007-01-05,0.928472271122
2007-01-08,-0.7108509006543701
2007-01-09,-0.4000905285285
2007-01-10,-4.1014757738155705
2007-01-11,-2.2486794036887097
2007-01-12,0.6540392422192
2007-01-16,-2.89043462042494
2007-01-17,2.03045916012921
2007-01-18,-2.23880818094058
2007-01-19,2.77585010409438
2007-01-22,-1.3279315777627598
2007-01-23,4.12865419708028
2007-01-24,0.98575242121565
2007-01-25,-1.8004295791943299
2007-01-26,2.2310558869008
2007-01-29,-2.8305921095633497
2007-01-30,5.31465409573817
2007-01-31,1.8581101803608402
2007-02-01,-0.8291915079107801
2007-02-02,3.13545150501673
2007-02-05,-0.48642480745845995
2007-02-06,0.22403463234357
2007-02-07,-1.95082101099007
2007-02-08,3.10880829015545
2007-02-09,0.482416080402
2007-02-12,-3.2406540011740703
2007-02-13,2.0467273526303
2007-02-14,-1.8435980177553002
2007-02-15,-0.20640453650352
2007-02-16,2.06825241233723
2007-02-20,-1.37791292311704
2007-02-21,2.4450442755308903
2007-02-22,0.94264137700279
2007-02-23,0.25828928041766
2007-02-26,0.87198376678525
2007-02-27,-1.86640660642803
2007-02-28,2.46246041116196
2007-03-01,0.11723720203202001
2007-03-02,-0.4488758606996
2007-03-05,-2.72495403744184
2007-03-06,1.41072352701983
2007-03-07,1.9276649443561202
2007-03-08,0.0
2007-03-09,-2.30064335541736
2007-03-12,-1.51666929721274
2007-03-13,-0.8307984125956701
2007-03-14,0.40866367815006
2007-03-15,-0.9564530109168299
2007-03-16,-0.51366346881707
2007-03-19,0.57827966039982
2007-03-20,-0.4928172383405
2007-03-21,0.70160958938525
2007-03-22,2.82787095958752
2007-03-23,0.77720207253886
2007-03-26,1.1864702392722999
2007-03-27,0.058633967505710004
2007-03-28,1.56249801635746
2007-03-29,3.1153826923076897
2007-03-30,-0.50354532830185
2007-04-02,0.39363262956448
2007-04-03,-2.05377516703182
2007-04-04,-0.24780213968361
2007-04-05,-0.61151153787457
2007-04-09,-3.1916940277521304
2007-04-10,0.5163912816838501
2007-04-11,-0.29638805974335003
2007-04-12,2.3583095988567
2007-04-13,-0.25169795733985
2007-04-16,-0.6211160714285701
2007-04-17,-1.7773437152862601
2007-04-18,-0.29827400480662997
2007-04-19,-1.8348584330845301
2007-04-20,1.68630228187114
2007-04-23,2.33766638037296
2007-04-24,-1.62046463060397
2007-04-25,1.8456063077119798
2007-04-26,-0.7404540140296201
2007-04-27,1.76678645007433
2007-04-30,-1.15740354938273
2007-05-01,-1.7174101593516702
2007-05-02,-1.52899321824873
2007-05-03,-0.62512805001009
2007-05-04,-1.98863640399018
2007-05-07,-0.49689027943872
2007-05-08,1.20682061575488
2007-05-09,-1.2952323457079
2007-05-10,0.29161425917991
2007-05-11,0.87226995338443
2007-05-14,-0.020586781964170003
2007-05-15,0.88550451224249
2007-05-16,-0.9389732215156901
2007-05-17,3.35874929649185
2007-05-18,-0.1196212121212
2007-05-21,1.43712979788941
2007-05-22,-1.77096025186935
2007-05-23,0.5008013021154201
2007-05-24,-2.471592683739
2007-05-25,1.1649294911097599
2007-05-29,-2.22221818181818
2007-05-30,-0.39256816559635
2007-05-31,1.5556938717215
2007-06-01,1.02124185092405
2007-06-04,1.7994319005141899
2007-06-05,-0.65540816903308
2007-06-06,0.5797700919632099
2007-06-07,0.675811952379
2007-06-08,-3.13919237357582
2007-06-11,1.58988785996967
2007-06-12,-0.56179574638844
2007-06-13,1.0694087758392101
2007-06-14,2.01636654022759
2007-06-15,0.8414892697256
2007-06-18,1.18377646388079
2007-06-19,-0.038358266942049996
2007-06-20,-1.0936301054035
2007-06-21,0.09699127249256
2007-06-22,0.5620174636441
2007-06-25,0.13490075418964
2007-06-26,-1.61662820663258
2007-06-27,1.48670190701685
2007-06-28,1.13723976219662
2007-06-29,1.01009908499905
2007-07-02,0.9999981132075401
2007-07-03,0.01868484996609
2007-07-05,1.1393369230605899
2007-07-06,0.97875896662016
2007-07-09,-0.60351499634235
2007-07-10,0.6807783139200799
2007-07-11,-0.10965094828855002
2007-07-12,0.14636297109402002
2007-07-13,1.46145226666232
2007-07-16,0.39610550241077996
2007-07-17,-0.21520624875202002
2007-07-18,1.6894374854320202
2007-07-19,0.88370445798147
2007-07-20,-0.14015766852986
2007-07-23,-1.08771754385965
2007-07-24,-2.16388963881006
2007-07-25,4.13342820884699
2007-07-26,-2.1239519868376
2007-07-27,2.70366590708526
2007-07-30,-0.41565984012261004
2007-07-31,1.7913026086956398
2007-08-01,-1.3155663986941
2007-08-02,-0.10387292603438
2007-08-03,-2.18371226718003
2007-08-06,-3.9688129689725895
2007-08-07,0.29520294658296
2007-08-08,-0.16556475044948998
2007-08-09,-0.9028947853326
2007-08-10,-0.26031982633542
2007-08-13,0.39149702444998
2007-08-14,0.7056676213804001
2007-08-15,1.65959985248019
2007-08-16,-2.81153450369065
2007-08-17,0.83985999104665
2007-08-20,-0.90689988722746
2007-08-21,-2.07321811592793
2007-08-22,-0.15258821285523
2007-08-23,0.57307356535143
2007-08-24,1.88033611090841
2007-08-27,1.28635908438401
2007-08-28,-0.55218661688988
2007-08-29,2.81325194916255
2007-08-30,-0.09000720234034999
2007-08-31,0.5045027027027
2007-09-04,1.7389763667798
2007-09-05,0.89867488986785
2007-09-06,0.6461806023814399
2007-09-07,0.22557174691009
2007-09-10,1.7832462528824902
2007-09-11,0.28916141709201
2007-09-12,1.7639094600391698
2007-09-13,0.28332999999999997
2007-09-14,-0.6315389939019099
2007-09-17,1.47181298759302
2007-09-18,2.27460201993084
2007-09-19,-0.37066720984153
2007-09-20,1.34261080556455
2007-09-21,-0.8140510514269301
2007-09-24,-0.51496460436055
2007-09-25,-1.21319961177613
2007-09-26,1.0316047158997799
2007-09-27,2.82009395753495
2007-09-28,-1.40290040042403
2007-10-01,-1.53477060806987
2007-10-02,0.06494723169345
2007-10-03,-0.55167936797535
2007-10-04,2.15369551062661
2007-10-05,-0.52707553861882
2007-10-08,-2.44059252473654
2007-10-09,1.0533311735790398
2007-10-10,1.62866444206304
2007-10-11,1.90704801579975
2007-10-12,0.64475546469571
2007-10-15,2.9531234375
2007-10-16,1.65427836779903
2007-10-17,-0.5225529774908899
2007-10-18,2.3112728040495
2007-10-19,-1.51092713835785
2007-10-22,-0.89365208361114
2007-10-23,-1.06702583307747
2007-10-24,3.26598957113811
2007-10-25,3.14798456246024
2007-10-26,1.4974257773491702
2007-10-29,1.8687677917315502
2007-10-30,-4.08275724137931
2007-10-31,5.36381355530897
2007-11-01,-1.50129527096882
2007-11-02,3.02064578136747
2007-11-05,-1.0894378235222
2007-11-06,2.44764070645036
2007-11-07,-1.14148267276256
2007-11-08,-0.5370582490443799
2007-11-09,0.9314187113548
2007-11-12,-2.6748697074309
2007-11-13,-2.52851047939441
2007-11-14,2.35443112928237
2007-11-15,-0.41321626482687995
2007-11-16,2.21299990817427
2007-11-19,0.7983707497057899
2007-11-20,3.82601433282359
2007-11-21,-1.16368508733824
2007-11-23,0.41862897910440006
2007-11-26,-0.66441113433009
2007-11-27,-2.55737311475409
2007-11-28,-3.36473741461356
2007-11-29,-0.22284678734622998
2007-11-30,-2.41484509233453
2007-12-03,1.13001423944989
2007-12-04,-1.83874830998931
2007-12-05,-1.02305472556037
2007-12-06,3.3920438668789
2007-12-07,-2.23880184055766
2007-12-10,-0.10081953046234
2007-12-11,1.29757927771657
2007-12-12,5.18075704011509
2007-12-13,-0.9878267662293
2007-12-14,-1.24367367073046
2007-12-17,-0.51204399357752
2007-12-18,-1.08498819147292
2007-12-19,1.46252423762447
2007-12-20,-0.06930561138446001
2007-12-21,2.35784333863645
2007-12-24,0.20324389417707
2007-12-26,2.65044905951788
2007-12-27,0.44789353455969
2007-12-28,-0.47213245901639
2007-12-31,-0.17129661577673
2008-01-02,3.57708411887316
2008-01-03,-0.12743468679196002
2008-01-04,-1.35256470514619
2008-01-07,-2.34122111864495
2008-01-08,0.7417192052979901
2008-01-09,-1.06494612319079
2008-01-10,-1.63455548172757
2008-01-11,-1.2564185864530701
2008-01-14,1.58708997603447
2008-01-15,-1.97979932659932
2008-01-16,-1.2778249694672301
2008-01-17,-1.14126516746736
2008-01-18,0.71800930195704
2008-01-22,-1.38383839273359
2008-01-23,-1.48831035485569
2008-01-24,2.0575539568345302
2008-01-25,1.38164951360495
2008-01-28,0.61186757825795
2008-01-29,0.8707740392750201
2008-01-30,0.13702246627751
2008-01-31,-0.99891075536642
2008-02-01,-2.59847553831308
2008-02-04,1.27714202813762
2008-02-05,-1.7094030386968
2008-02-06,-1.6108410089567802
2008-02-07,1.13011595755357
2008-02-08,4.441259121435849
2008-02-11,2.26337579524347
2008-02-12,-1.28773569599991
2008-02-13,0.70662457978663
2008-02-14,2.22642150551313
2008-02-15,0.22439017359055002
2008-02-19,3.7929645726326697
2008-02-20,0.64712855341018
2008-02-21,-2.50882249117499
2008-02-22,1.64230695351593
2008-02-25,0.17811705287829
2008-02-26,1.72720349827797
2008-02-27,-1.47315858859322
2008-02-28,3.2437975986770597
2008-02-29,-1.30093883280784
2008-03-03,1.11912711064726
2008-03-04,-2.3610403344810598
2008-03-05,4.91183992665392
2008-03-06,0.70827848589634
2008-03-07,-0.19072118477436
2008-03-10,2.26919136740029
2008-03-11,0.82914752408551
2008-03-12,0.6717651457848101
2008-03-13,0.33364128701427
2008-03-14,-0.80265681461594
2008-03-17,-3.71055245149572
2008-03-18,3.00120037210563
2008-03-19,-4.09091127887257
2008-03-20,-1.2030598954543699
2008-03-24,-1.27921397493675
2008-03-25,1.50759901550961
2008-03-26,4.0996648570066805
2008-03-27,1.08478365958693
2008-03-28,-1.58637577558466
2008-03-31,-3.5676210655106804
2008-04-01,-0.36873524620532
2008-04-02,3.3555404232800603
2008-04-03,-0.15516471896831
2008-04-04,1.47040642031306
2008-04-07,2.41517798357134
2008-04-08,0.29909352352468
2008-04-09,1.9612340414902
2008-04-10,-0.8099009941529499
2008-04-11,0.34021660240415
2008-04-14,1.31102617616323
2008-04-15,2.0080354976353703
2008-04-16,0.77646542483671
2008-04-17,0.23874226285962
2008-04-18,1.53729344363018
2008-04-21,0.62906066074144
2008-04-22,0.74168788117252
2008-04-23,0.10517248411501001
2008-04-24,-2.08027211599077
2008-04-25,2.6394925742325897
2008-04-28,0.03135897840857
2008-04-29,-2.82161557484345
2008-04-30,-0.5269362410353
2008-05-01,-2.2918951351351398
2008-05-02,3.3414528659477605
2008-05-05,3.57601277139159
2008-05-06,1.69526466188268
2008-05-07,1.44338894419767
2008-05-08,0.86172442299425
2008-05-09,1.45042612952806
2008-05-12,-1.96827452110435
2008-05-13,1.59823992010548
2008-05-14,-1.46494741387226
2008-05-15,-0.009980043803836661
2008-05-16,2.05568109026726
2008-05-19,0.51824192387528
2008-05-20,1.45914392628956
2008-05-21,3.84467390667285
2008-05-22,-2.4743800660027597
2008-05-23,1.24964502271072
2008-05-27,-2.51518941136576
2008-05-28,1.59216954551757
2008-05-29,-3.45543435527633
2008-05-30,0.78231565064901
2008-06-02,-0.009698234226618311
2008-06-03,-2.3289674237079
2008-06-04,-1.6592140753261
2008-06-05,5.02121019333572
2008-06-06,7.90764909786386
2008-06-09,-2.7814879697154
2008-06-10,-1.861536858463
2008-06-11,3.7095880314779
2008-06-12,0.25227408329171
2008-06-13,-1.86033976436614
2008-06-16,-0.19230678183992
2008-06-17,-0.28442793438714
2008-06-18,2.03349190283399
2008-06-19,-3.5891379167565898
2008-06-20,2.08586186190771
2008-06-23,1.63093184561969
2008-06-24,0.027045618951410003
2008-06-25,-2.20819924853175
2008-06-26,4.25806728110598
2008-06-27,0.55692802624838
2008-06-30,-0.07911736263735
2008-07-01,0.81822274086846
2008-07-02,1.96352219089002
2008-07-03,-0.017114002639989998
2008-07-07,-1.60075586372196
2008-07-08,-4.3758148162457005
2008-07-09,-0.24562955323198
2008-07-10,4.27724023206129
2008-07-11,2.66748566267223
2008-07-14,0.07667092662637
2008-07-15,-4.33265566055526
2008-07-16,-2.7938420036822
2008-07-17,-3.4050352402746
2008-07-18,-1.0328788120238601
2008-07-21,2.1351933715972202
2008-07-22,-3.14052504247728
2008-07-23,-3.19396341463414
2008-07-24,1.43971410037134
2008-07-25,-2.1584880953921504
2008-07-28,1.27934324406196
2008-07-29,-2.48657248372217
2008-07-30,4.17176250334799
2008-07-31,-2.09536773020761
2008-08-01,1.0501080318053402
2008-08-04,-3.48377272878293
2008-08-05,-1.9790823004229599
2008-08-06,-0.1778407857659
2008-08-07,1.06896250406545
2008-08-08,-3.8987991725674096
2008-08-11,-0.18342468709539
2008-08-12,-1.10258780450573
2008-08-13,2.47021756411012
2008-08-14,-1.07733546666666
2008-08-15,-1.01358100093984
2008-08-18,-0.5882363642188599
2008-08-19,1.62173566465624
2008-08-20,1.3370768026111
2008-08-21,4.5009532506612
2008-08-22,-5.773340859111499
2008-08-25,0.60514047325328
2008-08-26,0.85929539977003
2008-08-27,1.8743364882995301
2008-08-28,-2.37299279226457
2008-08-29,-0.55680051993576
2008-09-02,-3.9625292140886303
2008-09-03,-0.8409014274940699
2008-09-04,-1.6056139392669901
2008-09-05,-1.1031935567637499
2008-09-08,-0.1510550813631
2008-09-09,-4.16618410333993
2008-09-10,0.75288769284487
2008-09-11,-1.78378086315799
2008-09-12,0.0
2008-09-15,-6.368873637719321
2008-09-16,-1.7169134318382702
2008-09-17,3.3471157046837097
2008-09-18,2.1548361290322697
2008-09-19,4.37034114867603
2008-09-22,6.03897637803374
2008-09-23,-1.7005317838210898
2008-09-24,-1.47451067483493
2008-09-25,2.15649420037127
2008-09-26,-0.5537005293874601
2008-09-29,-10.5788227650948
2008-09-30,6.3821588471738995
2008-10-01,-2.95086689547941
2008-10-02,-4.736771189183131
2008-10-03,-0.75178053284092
2008-10-06,-4.83720797342193
2008-10-07,1.2288744417138
2008-10-08,-0.31727963352957
2008-10-09,-3.6811568314099903
2008-10-10,-4.45402024293161
2008-10-13,1.92481052631579
2008-10-14,-4.05724408464508
2008-10-15,-6.61233133342045
2008-10-16,-2.2888193643998
2008-10-17,0.05055443208628
2008-10-20,4.09297631957177
2008-10-21,-4.90291108257137
2008-10-22,-6.5339458907606
2008-10-23,3.04022938285089
2008-10-24,-6.360420719449491
2008-10-27,-4.0566075471698095
2008-10-28,4.66077304467152
2008-10-29,4.6223204693288
2008-10-30,-3.0172413793103403
2008-10-31,2.9444444444444597
2008-11-03,-5.57653894585358
2008-11-04,9.316057941853401
2008-11-05,-6.16939863768911
2008-11-06,-6.8536367013373
2008-11-07,-0.21934395934819997
2008-11-10,2.37809547605725
2008-11-11,-6.09017958227601
2008-11-12,-4.905427044160731
2008-11-13,7.10382513661203
2008-11-14,-5.755102040816331
2008-11-17,-2.2087483759203197
2008-11-18,-0.86359610274577
2008-11-19,-3.3727987491623903
2008-11-20,-8.57604986481969
2008-11-21,3.66624788030969
2008-11-24,7.634148780487799
2008-11-25,-6.2769089898729105
2008-11-26,7.68858782184265
2008-11-28,-5.50067567353668
2008-12-01,-5.2268971252078895
2008-12-02,-3.4845801826166998
2008-12-03,-1.16883376623377
2008-12-04,-6.93823671322568
2008-12-05,-3.2759107596723998
2008-12-08,5.45985109489051
2008-12-09,-4.62347188880043
2008-12-10,3.9477502482510705
2008-12-11,7.90281463549807
2008-12-12,-1.39751815210969
2008-12-15,-3.3070815384294696
2008-12-16,-1.08577904451683
2008-12-17,-4.47310111067786
2008-12-18,-5.97529715669931
2008-12-19,1.00825236785824
2008-12-22,-7.35027805958021
2008-12-23,-2.05680385428678
2008-12-24,-3.2666666666666697
2008-12-26,0.27567195037905
2008-12-29,6.25429553264605
2008-12-30,-2.32858667529108
2008-12-31,9.6026387548795
2009-01-02,7.64351405700991
2009-01-05,4.687055720262269
2009-01-06,-0.13404558000121
2009-01-07,-10.6845637583893
2009-01-08,-0.21039675383228
2009-01-09,-2.500005948795
2009-01-12,-5.3135590149385
2009-01-13,3.88254486133768
2009-01-14,-1.91582914572864
2009-01-15,-3.36215177713737
2009-01-16,-1.0603015241882
2009-01-20,-4.01875740057744
2009-01-21,8.26936845778088
2009-01-22,-3.25491771656726
2009-01-23,7.69487674883411
2009-01-26,-0.58769869547177
2009-01-27,-8.21406061649225
2009-01-28,0.84745762711864
2009-01-29,-1.78151596638655
2009-01-30,0.0
2009-02-02,-2.8062937305371
2009-02-03,1.65493309859155
2009-02-04,-2.07828534540058
2009-02-05,1.91014856738592
2009-02-06,-2.11731350632813
2009-02-09,0.17730141215244
2009-02-10,-4.74336283185841
2009-02-11,-3.08435525826831
2009-02-12,0.19171395705521
2009-02-13,-2.02831618937299
2009-02-17,-8.35937890625
2009-02-18,-2.55753634090095
2009-02-19,6.21172326282924
2009-02-20,0.28829899965821
2009-02-23,-4.2299794661191
2009-02-24,4.8027487135506
2009-02-25,6.38297437058206
2009-02-26,4.73076923076923
2009-02-27,-0.66103929489533
2009-03-02,-9.500920868795589
2009-03-03,3.71731617647058
2009-03-04,8.74360806394676
2009-03-05,-3.8029770444412496
2009-03-06,5.3840401123509
2009-03-09,2.35798499464095
2009-03-10,-2.86212914485166
2009-03-11,-5.49766798418971
2009-03-12,7.33840712313336
2009-03-13,-2.12540205455189
2009-03-16,2.2439414492921204
2009-03-17,4.21239292035398
2009-03-18,0.57744563255959
2009-03-19,2.53292797929996
2009-03-20,1.31751971944929
2009-03-23,3.3159980494148296
2009-03-24,-0.53492761060642
2009-03-25,-1.26542862178334
2009-03-26,2.59532529943369
2009-03-27,-3.96627108057465
2009-03-30,-6.66666341463414
2009-03-31,1.21950518398937
2009-04-01,-1.6178967854697701
2009-04-02,8.397480755773271
2009-04-03,-0.16139444803098998
2009-04-06,-2.2631749110895503
2009-04-07,-4.26728084684089
2009-04-08,1.9004802384077197
2009-04-09,4.06917938284164
2009-04-13,-3.29097740987365
2009-04-14,-1.58356132075471
2009-04-15,0.34234852250423
2009-04-16,-0.06822927561341001
2009-04-17,0.5462615040539
2009-04-20,-7.57216273099617
2009-04-21,0.40411831021739997
2009-04-22,0.03658982802781
2009-04-23,1.97512435991223
2009-04-24,3.6585403033909696
2009-04-27,-2.8373702422145297
2009-04-28,-0.81908831908831
2009-04-29,2.54936804308796
2009-04-30,0.24509804779755
2009-05-01,3.4579183883310503
2009-05-04,3.1735245383685196
2009-05-05,-1.34161980829909
2009-05-06,4.24543946932008
2009-05-07,0.19090041361755
2009-05-08,3.17561765639884
2009-05-11,-0.61557706275302
2009-05-12,1.05295753939432
2009-05-13,-1.34845843247139
2009-05-14,0.6523858543766999
2009-05-15,-3.3950707780820504
2009-05-18,4.50479247619147
2009-05-19,0.24457964673123
2009-05-20,3.29368089985727
2009-05-21,-1.44670213896375
2009-05-22,0.95865785024991
2009-05-26,1.21661717458108
2009-05-27,1.3778979367371
2009-05-28,2.1977962869985
2009-05-29,2.99943972835313
2009-06-01,2.82966467968875
2009-06-02,0.48090034731498
2009-06-03,-3.6160621213490405
2009-06-04,3.97241103448276
2009-06-05,-0.7694269241025999
2009-06-08,0.37432885698776
2009-06-09,1.73148104071708
2009-06-10,2.04242477199332
2009-06-11,1.82191168021781
2009-06-12,-0.63004032258064
2009-06-15,-2.30788739538421
2009-06-16,-0.02596573208722
2009-06-17,0.49338615909562
2009-06-18,0.38758913727159
2009-06-19,-2.26511465972276
2009-06-22,-4.52989453437203
2009-06-23,3.1999999999999797
2009-06-24,-0.8553862603581701
2009-06-25,2.58829603666755
2009-06-26,-1.4191879479418599
2009-06-29,3.09250882924599
2009-06-30,-1.9136230625096
2009-07-01,-1.2391273398365301
2009-07-02,-3.76401504976015
2009-07-06,-3.7170597424981704
2009-07-07,-2.59290701794604
2009-07-08,-3.6675568273423
2009-07-09,0.61406202026406
2009-07-10,-1.19010985657615
2009-07-13,-0.03088943697068
2009-07-14,-0.80320669765854
2009-07-15,4.23544054078355
2009-07-16,0.26889751213332
2009-07-17,2.02622461185265
2009-07-20,1.72313074047135
2009-07-21,0.31581106426579
2009-07-22,-0.37206068609216997
2009-07-23,2.8152828837896298
2009-07-24,1.2014528862405198
2009-07-27,0.27608778917482
2009-07-28,-1.54185572687224
2009-07-29,-6.40379510088339
2009-07-30,6.03525826007592
2009-07-31,3.71935453821615
2009-08-03,3.01547669069611
2009-08-04,0.13186445843167
2009-08-05,0.60574135881639
2009-08-06,0.18324345070044
2009-08-07,-1.6200627123073
2009-08-10,0.15935457320825
2009-08-11,-2.25403877629381
2009-08-12,1.3293461386504102
2009-08-13,1.20482201899985
2009-08-14,-4.68253980641641
2009-08-17,-1.41548435790962
2009-08-18,3.77252533783783
2009-08-19,3.4183341449177
2009-08-20,-1.1804853405164
2009-08-21,1.48659949490839
2009-08-24,0.18309965995293
2009-08-25,-2.9503943329084703
2009-08-26,-0.59186712896782
2009-08-27,2.08389710192431
2009-08-28,-0.15906945495576
2009-08-31,-4.275095592140199
2009-09-01,-2.16365886723047
2009-09-02,-0.25517436915226
2009-09-03,0.39795338260375
2009-09-04,-0.5379360135900301
2009-09-08,5.15228564895287
2009-09-09,0.0
2009-09-10,1.16404984201544
2009-09-11,-4.14770950355123
2009-09-14,-0.30709380234504
2009-09-15,2.77233835822845
2009-09-16,1.9890980384442
2009-09-17,0.16030456852791
2009-09-18,-0.98693779744263
2009-09-21,-3.42133899303176
2009-09-22,3.15202806984813
2009-09-23,-5.00270146024877
2009-09-24,-3.30202097062279
2009-09-25,0.08831027117131
2009-09-28,1.49999411764707
2009-09-29,-0.57953350214625
2009-09-30,5.47944606588615
2009-10-01,0.11053053635066
2009-10-02,-0.9936544300303499
2009-10-05,0.86423476064216
2009-10-06,0.99502763957986
2009-10-07,-1.58730701731506
2009-10-08,2.0022275306514703
2009-10-09,1.30861504907305
2009-10-12,1.42626210979548
2009-10-13,1.2204908787606998
2009-10-14,1.20576402591013
2009-10-15,3.3670006897953604
2009-10-16,1.3530468554247201
2009-10-19,0.76637080923682
2009-10-20,-0.90775028987979
2009-10-21,2.32731622498925
2009-10-22,0.33873455897728
2009-10-23,-1.35037614298589
2009-10-26,-1.9066218528477001
2009-10-27,1.14627208706026
2009-10-28,-2.78393939393939
2009-10-29,3.64927277367644
2009-10-30,-3.8630853856682004
2009-11-02,1.65310528992879
2009-11-03,1.6262146203098502
2009-11-04,0.91088874719076
2009-11-05,-0.46353498592167997
2009-11-06,-2.696073595492
2009-11-09,2.0151107804758
2009-11-10,-0.22222222222222998
2009-11-11,0.34644642415244
2009-11-12,-3.1565944058346203
2009-11-13,-0.38197351667941
2009-11-16,2.9908027349387
2009-11-17,0.47157854376821995
2009-11-18,0.46936264822135004
2009-11-19,-2.48339820424875
2009-11-20,-0.60514876449823
2009-11-23,-0.1014637291458
2009-11-24,-2.0314854740608
2009-11-25,2.3846499541394497
2009-11-27,-2.53164556962026
2009-11-30,1.68831688311688
2009-12-01,1.2005031315196302
2009-12-02,-1.96870020112822
2009-12-03,-0.8238928939237901
2009-12-04,-0.49324506749741
2009-12-07,-2.1914947982523003
2009-12-08,-1.70713247761363
2009-12-09,-2.65942755275047
2009-12-10,-0.3902955224504
2009-12-11,-0.69969213546039
2009-12-14,0.28185456595266
2009-12-15,0.98369303070864
2009-12-16,2.25438908989701
2009-12-17,-1.03429771179653
2009-12-18,0.8250797352838201
2009-12-21,-1.36388434260775
2009-12-22,1.10619745575222
2009-12-23,3.22757376292193
2009-12-24,1.21886321044711
2009-12-28,1.7277486458704399
2009-12-29,-0.05146937592717
2009-12-30,0.77239701338824
2009-12-31,0.35769035149948003
2010-01-04,2.52036920876706
2010-01-05,0.34765333995527
2010-01-06,1.38579806978472
2010-01-07,-0.61020257236508
2010-01-08,0.51571462387733
2010-01-11,-0.9528438797947699
2010-01-12,-2.24469654058469
2010-01-13,-1.05980819934877
2010-01-14,-0.38255037956007
2010-01-15,-1.68970553789796
2010-01-19,1.38020305311441
2010-01-20,-2.6714641664526
2010-01-21,-1.71548434192359
2010-01-22,-2.41676141693009
2010-01-25,1.29334342322509
2010-01-26,-0.84216514962876
2010-01-27,-1.15067945205479
2010-01-28,0.22172393449422
2010-01-29,-1.43805586283184
2010-02-01,3.03030872700081
2010-02-02,2.20587684624516
2010-02-03,0.31975220676132
2010-02-04,-4.9136863259662
2010-02-05,-1.64804473877219
2010-02-08,-0.34080943881879
2010-02-09,3.19178968367055
2010-02-10,0.82849767546251
2010-02-11,0.73952619772805
2010-02-12,-1.2778630037483
2010-02-16,4.07601200561796
2010-02-17,0.47631647323853005
2010-02-18,2.00157750851782
2010-02-19,0.9295120061967499
2010-02-22,-0.1534944998721
2010-02-23,-1.79348454505468
2010-02-24,1.72188877005537
2010-02-25,-2.2569914205185198
2010-02-26,1.86302540375163
2010-03-01,-1.21072127769192
2010-03-02,1.1734055370746101
2010-03-03,1.54639952439175
2010-03-04,-0.63451773428844
2010-03-05,1.7879845829893
2010-03-08,-0.15055709664025
2010-03-09,-0.60317163600974
2010-03-10,0.88496335992323
2010-03-11,0.37593231198334
2010-03-12,-1.34831713728631
2010-03-15,-1.72107323315988
2010-03-16,2.47231251752189
2010-03-17,1.1058029377782699
2010-03-18,-0.77057419835943
2010-03-19,-1.8035997897595
2010-03-22,0.91836732351102
2010-03-23,0.35389281208561996
2010-03-24,-1.9143626721823002
2010-03-25,-0.10271443509795
2010-03-26,-0.17994857686639001
2010-03-29,2.9101131645576697
2010-03-30,-0.025020020646140003
2010-03-31,0.8510638084840001
2010-04-01,2.35790761087349
2010-04-05,2.01260417009681
2010-04-06,-0.11884953648678999
2010-04-07,-1.18990956687292
2010-04-08,-0.19268063583816
2010-04-09,-0.65154683039446
2010-04-12,-0.5829439195017599
2010-04-13,-0.09773027119471
2010-04-14,2.12765718091605
2010-04-15,-0.11972941186443
2010-04-16,-2.66123477969876
2010-04-19,-1.20688922201425
2010-04-20,0.47369233423855
2010-04-21,-0.07443920780245
2010-04-22,0.07449466103798999
2010-04-23,1.61290822860816
2010-04-26,-1.46520875542836
2010-04-27,-2.42874609312248
2010-04-28,1.52400816672615
2010-04-29,2.6770076888414303
2010-04-30,0.70663009974099
2010-05-03,0.31453422141136
2010-05-04,-4.24505075361917
2010-05-05,-3.5012593576509
2010-05-06,-3.52388923195276
2010-05-07,-1.7586526449852
2010-05-10,2.53373443861926
2010-05-11,-1.26242814934191
2010-05-12,0.027208924222469996
2010-05-13,-1.7405466412836599
2010-05-14,-3.6534734665520796
2010-05-17,-2.67164600196363
2010-05-18,-1.21015344716193
2010-05-19,0.11950104214217001
2010-05-20,-3.90927209246626
2010-05-21,0.21738819200658
2010-05-24,-0.30989154013015
2010-05-25,-0.99470941838416
2010-05-26,2.32339089481948
2010-05-27,5.27769561215095
2010-05-28,-0.78694255940127
2010-06-01,-2.5264423464617303
2010-06-02,1.8384599156117998
2010-06-03,1.39093514676134
2010-06-04,-4.61178660897763
2010-06-07,-0.27539779681761
2010-06-08,1.84105247008284
2010-06-09,2.28985243416246
2010-06-10,2.4153136254694103
2010-06-11,-1.5530629853322
2010-06-14,0.2921472392638
2010-06-15,2.6216077703694802
2010-06-16,0.7380130570536501
2010-06-17,-0.98620169139465
2010-06-18,0.76835801845069
2010-06-21,-0.22591923185539
2010-06-22,-0.93405599014684
2010-06-23,-2.17142285714287
2010-06-24,0.4380753248788
2010-06-25,3.6929370076457197
2010-06-28,-1.2619209197980799
2010-06-29,-2.95370925741862
2010-06-30,-0.61457129731173
2010-07-01,-3.20965851618548
2010-07-02,-0.82142077339278
2010-07-06,0.030684050962199998
2010-07-07,3.18920873384825
2010-07-08,1.7236195112261699
2010-07-09,0.32135553607948003
2010-07-12,-1.63075422248109
2010-07-13,2.84192725997416
2010-07-14,-0.23028783936166003
2010-07-15,-0.230807847663
2010-07-16,-1.2145806122278602
2010-07-19,0.8782172131147801
2010-07-20,1.04469242729808
2010-07-21,-1.78058299827685
2010-07-22,3.56724258575314
2010-07-23,-0.08469509230349
2010-07-26,-0.11302910746056999
2010-07-27,-1.9236210423548
2010-07-28,-0.89413619233552
2010-07-29,2.0372525600334
2010-07-30,0.7986280433933899
2010-08-02,3.2258064516128804
2010-08-03,1.17872807017543
2010-08-04,-0.02708751015984
2010-08-05,-0.5149132512242001
2010-08-06,-1.38926181937516
2010-08-09,0.9115966599006301
2010-08-10,-1.8067342405347402
2010-08-11,-3.1502565695638896
2010-08-12,-2.36040285777761
2010-08-13,-0.38324589523856
2010-08-16,-0.53270196707008
2010-08-17,0.77357331825131
2010-08-18,-0.5609654727182
2010-08-19,-1.27672209026128
2010-08-20,-0.90225263157894
2010-08-23,-1.5781516971729401
2010-08-24,-2.03515263644773
2010-08-25,1.88857097891093
2010-08-26,0.77232007328762
2010-08-27,2.9123268826587
2010-08-30,-1.63836759011021
2010-08-31,-3.33131435493641
2010-09-01,3.22682017543858
2010-09-02,1.33535049058118
2010-09-03,-0.8984696285854901
2010-09-07,-0.96705953460259
2010-09-08,1.12907842538907
2010-09-09,-0.75437539995097
2010-09-10,2.67558840606836
2010-09-13,0.7699111637548001
2010-09-14,-0.41140171646785
2010-09-15,-1.18028035350489
2010-09-16,-1.52284852058235
2010-09-17,-1.0006003638568701
2010-09-20,1.74578549796107
2010-09-21,-1.7158307731538
2010-09-22,-0.21439508640764002
2010-09-23,0.27623079949472
2010-09-24,2.23447825126895
2010-09-27,-0.47904188748253
2010-09-28,-0.15043019552163
2010-09-29,2.25971685024757
2010-09-30,2.6517413863212
2010-10-01,2.26751148105624
2010-10-04,-0.11226774874352999
2010-10-05,1.40488901376792
2010-10-06,0.52645885286781
2010-10-07,-2.26019851874856
2010-10-08,1.9458629990373
2010-10-11,-1.52144943173171
2010-10-12,0.14046068204835999
2010-10-13,1.43056934470858
2010-10-14,-0.44247787610618
2010-10-15,-1.47221944444443
2010-10-18,2.28361425758064
2010-10-19,-4.575523830637359
2010-10-20,2.8018516118385897
2010-10-21,-2.07924135993257
2010-10-22,1.8364534769843999
2010-10-25,0.22540996193802001
2010-10-26,0.30924936744447
2010-10-27,-0.72870515695067
2010-10-28,-0.08469509230349
2010-10-29,-0.62164737557637
2010-11-01,1.81974136023551
2010-11-02,1.28455455781753
2010-11-03,1.2958422939068
2010-11-04,2.0413716907255597
2010-11-05,0.42678045202559
2010-11-08,-0.31873305079772
2010-11-09,-1.27897685262395
2010-11-10,2.67207024755924
2010-11-11,-0.52576497040574
2010-11-12,-3.62050475687103
2010-11-15,0.08225664704532999
2010-11-16,-2.87670958904109
2010-11-17,-2.03103238276355
2010-11-18,2.2171033688454
2010-11-19,-0.7887295774647699
2010-11-22,-0.4826859601736
2010-11-23,-0.28530100671329
2010-11-24,3.2331930405381097
2010-11-26,-0.30488080349884
2010-11-29,2.25187094100996
2010-11-30,-2.0119576403468598
2010-12-01,3.21864585963803
2010-12-02,1.5322553351544401
2010-12-03,1.42970876356896
2010-12-06,-0.23492560075891
2010-12-07,-1.09890630301136
2010-12-08,0.42328043447832
2010-12-09,-0.05268704037637
2010-12-10,-0.7380047637850601
2010-12-13,0.61072490706322
2010-12-14,0.02640010626551
2010-12-15,0.2374670059384
2010-12-16,-0.5791049971516
2010-12-17,0.10590680434206
2010-12-20,0.63474740452929
2010-12-21,0.63075428727343
2010-12-22,0.9140715352815101
2010-12-23,0.8799197950289699
2010-12-27,-0.69266546947151
2010-12-28,0.51666495780584
2010-12-29,-0.23130300693907
2010-12-30,-1.80319680577022
2010-12-31,2.30850215919471
2011-01-03,0.12820256410255002
2011-01-04,-2.48398725951312
2011-01-05,1.15545687208736
2011-01-06,-2.18068535825546
2011-01-07,-0.02654458598726
2011-01-10,1.32731623718165
2011-01-11,1.8601075116640098
2011-01-12,0.28292437543917
2011-01-13,-0.8720184215430299
2011-01-14,0.69856658739628
2011-01-18,-0.48817577020431
2011-01-19,-0.49057319907048
2011-01-20,-2.5168681235893002
2011-01-21,-0.15970721320202
2011-01-24,-1.54624908271124
2011-01-25,-1.7871649065800101
2011-01-26,1.5991122139509002
2011-01-27,-2.4694682480037
2011-01-28,4.5631692978066
2011-01-31,2.74081677802998
2011-02-01,-1.39860395238011
2011-02-02,0.2889414236932
2011-02-03,-0.23572551073859
2011-02-04,-1.9690207403518
2011-02-07,-1.82110337439745
2011-02-08,-0.05455810147297001
2011-02-09,-0.38209335103967
2011-02-10,0.1095917808219
2011-02-11,-1.3410016053365699
2011-02-14,-0.47156173291431996
2011-02-15,-1.36566885825894
2011-02-16,0.39559198631226994
2011-02-17,1.49170282836204
2011-02-18,0.83194673233646
2011-02-22,5.85808839774233
2011-02-23,3.40347345266441
2011-02-24,-2.0854221629503003
2011-02-25,1.82191168021781
2011-02-28,-1.23488155241935
2011-03-01,3.2916586703663797
2011-03-02,2.2480212450593
2011-03-03,-0.50736652590883
2011-03-04,2.79262263234581
2011-03-07,0.09448853794054
2011-03-08,-0.14160491247592
2011-03-09,-0.61451664820334
2011-03-10,-1.5457717371170399
2011-03-11,-1.7149830089380198
2011-03-14,0.54067585501782
2011-03-15,-3.71547543387923
2011-03-16,0.73623002630691
2011-03-17,2.54536038306452
2011-03-18,0.68813469373643
2011-03-21,0.39052964631365
2011-03-22,1.9450497946742002
2011-03-23,0.4292892916766
2011-03-24,-0.14248871663527
2011-03-25,0.30915815241754
2011-03-28,-1.80180654338549
2011-03-29,0.9898696759956299
2011-03-30,-0.40641164683664
2011-03-31,2.2563562169947398
2011-04-01,1.33802823183231
2011-04-04,0.20847811945694
2011-04-05,-0.36985669763554996
2011-04-06,0.62645246526462
2011-04-07,1.42956655359849
2011-04-08,2.6369628262349303
2011-04-11,-3.3444140268255
2011-04-12,-3.07057752224056
2011-04-13,1.06383217644994
2011-04-14,1.2397637426900598
2011-04-15,0.99353052203168
2011-04-18,-1.89887444289349
2011-04-19,0.16324626484967
2011-04-20,2.95692659005993
2011-04-21,0.7914947808345699
2011-04-25,-0.08974870989455
2011-04-26,-0.11228161042626
2011-04-27,1.21402877697843
2011-04-28,-0.42203020879609005
2011-04-29,0.71380768620086
2011-05-02,-0.48726908140558
2011-05-03,-1.89182728689071
2011-05-04,-1.86026307349078
2011-05-05,-9.10771655606643
2011-05-06,-1.14445829094608
2011-05-09,5.145356448298339
2011-05-10,0.51383167393765
2011-05-11,-4.21130456614875
2011-05-12,-0.17788819201465
2011-05-13,0.40733198593005004
2011-05-16,-2.35801476566974
2011-05-17,0.10387172702526
2011-05-18,2.46433469427587
2011-05-19,-1.08860759493671
2011-05-20,1.0238059892500702
2011-05-23,-2.53356973565823
2011-05-24,2.10553152831994
2011-05-25,1.6547887386657099
2011-05-26,-0.82645128975708
2011-05-27,0.27778031705962003
2011-05-31,1.98942588741944
2011-06-01,-2.41975308641974
2011-06-02,0.40485829959513
2011-06-03,-0.050403225806460006
2011-06-06,-1.66414523449319
2011-06-07,0.12820256410255002
2011-06-08,2.04865306142517
2011-06-09,0.72773152962266
2011-06-10,-2.66566772958814
2011-06-13,-2.07320706424365
2011-06-14,2.1955045580504198
2011-06-15,-3.88745799935847
2011-06-16,-0.42576900341836
2011-06-17,-2.1111625927932898
2011-06-20,0.24570023899263999
2011-06-21,0.19063180308736
2011-06-22,0.8426120999561901
2011-06-23,-2.93800554921861
2011-06-24,-0.55539297725038
2011-06-27,-0.47473330145954995
2011-06-28,2.18854944412314
2011-06-29,2.22405833190875
2011-06-30,0.02686543110395
2011-07-01,-0.2416756046361
2011-07-05,2.1803417399546903
2011-07-06,-0.1844046413173
2011-07-07,1.9002428582803401
2011-07-08,-2.09790722357142
2011-07-11,-1.34920109389421
2011-07-12,1.71627509476335
2011-07-13,1.10729765357236
2011-07-14,-2.08604704490467
2011-07-15,1.54461255777929
2011-07-18,-1.41621029592943
2011-07-19,1.75578611332801
2011-07-20,0.39216209150326997
2011-07-21,0.8333306857640299
2011-07-22,0.5423527752491399
2011-07-25,-0.64217826868738
2011-07-26,0.33609358841779
2011-07-27,-2.16439056520508
2011-07-28,-0.15802211856672
2011-07-29,-1.29254022685307
2011-08-01,-0.5879129122347799
2011-08-02,-2.15053488842648
2011-08-03,-1.4835191492572
2011-08-04,-5.93976837870138
2011-08-05,0.6522413281945
2011-08-08,-7.18704249817252
2011-08-09,0.34909869882575
2011-08-10,0.50600883915215
2011-08-11,4.7828758721561995
2011-08-12,-0.21020721351974
2011-08-15,2.97923863978335
2011-08-16,-1.13968143951838
2011-08-17,0.5320602700526099
2011-08-18,-6.73331118690451
2011-08-19,1.26103408767446
2011-08-22,1.86800130348697
2011-08-23,2.1393550690906
2011-08-24,-1.01734296932035
2011-08-25,-0.33253020964145
2011-08-26,0.54595388092344
2011-08-29,2.4434297168368198
2011-08-30,1.4134276034578201
2011-08-31,0.20324913482141
2011-09-01,-0.1158997459229
2011-09-02,-2.40789665193222
2011-09-06,-0.14862961202822
2011-09-07,3.2747811848764496
2011-09-08,-0.66301529729071
2011-09-09,-1.7701712643694598
2011-09-12,1.6838996563603998
2011-09-13,1.24927375068413
2011-09-14,-1.46340897924871
2011-09-15,0.75712871287128
2011-09-16,-1.32947695546108
2011-09-19,-2.48974231077161
2011-09-20,0.42054369418612997
2011-09-21,-1.5255818127430498
2011-09-22,-5.43742135099765
2011-09-23,-0.12849020650467002
2011-09-26,1.22225474429076
2011-09-27,2.85986663043745
2011-09-28,-3.45999083904822
2011-09-29,2.3039968
2011-09-30,-4.62933702312597
2011-10-03,-2.45982289275172
2011-10-04,0.57162071284466
2011-10-05,3.10932798395185
2011-10-06,3.69649805447472
2011-10-07,0.18762038774233
2011-10-10,3.74532135626338
2011-10-11,-0.6919494168502
2011-10-12,-0.27264466965434003
2011-10-13,-0.8201580085150499
2011-10-14,3.73659088902965
2011-10-17,-1.29908182164399
2011-10-18,2.15376009572241
2011-10-19,-2.45973924101088
2011-10-20,0.06004502971945
2011-10-21,1.56014392078343
2011-10-24,4.51995004549188
2011-10-25,1.1871056758873602
2011-10-26,-2.06703357729144
2011-10-27,3.2800854740420595
2011-10-28,-0.4971002622784
2011-10-31,-0.80487651415144
2011-11-01,-1.51091485669194
2011-11-02,1.33521871206765
2011-11-03,1.82226531103253
2011-11-04,0.38545980176211997
2011-11-07,1.72792379944937
2011-11-08,0.9166891345375899
2011-11-09,-1.14881111407962
2011-11-10,1.94594864864865
2011-11-11,1.29904026248568
2011-11-14,-0.91598536812316
2011-11-15,1.50554407011243
2011-11-16,2.36794171220402
2011-11-17,-2.82155566853077
2011-11-18,-1.07245618624117
2011-11-21,-0.60814383923849
2011-11-22,0.6118648576749
2011-11-23,-1.74510840824962
2011-11-25,0.0
2011-11-28,1.85682992465017
2011-11-29,1.8494082879476001
2011-11-30,0.59662777163753
2011-12-01,-0.43836514797228004
2011-12-02,1.08779587962196
2011-12-05,-0.05124519731602
2011-12-06,-0.02562932712788
2011-12-07,-0.48717692307692007
2011-12-08,-2.65396025112188
2011-12-09,1.90577294615599
2011-12-12,-1.61038701298701
2011-12-13,1.92713828069855
2011-12-14,-5.05050750969936
2011-12-15,-1.44571467539552
2011-12-16,0.38748684230594
2011-12-19,-0.19299421009099
2011-12-20,3.7569059735661297
2011-12-21,1.4643237096825201
2011-12-22,0.44607188543499
2011-12-23,0.54859719301456
2011-12-27,1.48090145591575
2011-12-28,-1.84332048532204
2011-12-29,0.1825769431403
2011-12-30,-0.7810439989586
2012-01-03,4.14588810952801
2012-01-04,0.20156463092881002
2012-01-05,-1.50867990947952
2012-01-06,0.12765637618874
2012-01-09,-0.35695817549826
2012-01-10,0.6652967929735499
2012-01-11,-1.06762074224709
2012-01-12,-2.20965324818362
2012-01-13,0.26274040297580004
2012-01-17,1.6509460167714902
2012-01-18,0.10312193598551
2012-01-19,-0.36055367702531
2012-01-20,-2.35202900884025
2012-01-23,1.6146109479780801
2012-01-24,-0.75540767792153
2012-01-25,0.6561680134471399
2012-01-26,0.052153848873729994
2012-01-27,-0.18243419813485
2012-01-30,-0.75718278739379
2012-01-31,-0.49986322019801005
2012-02-01,-1.16340296139609
2012-02-02,-0.66880683069002
2012-02-03,1.23888765852713
2012-02-06,-0.69166799680766
2012-02-07,1.6608598092226101
2012-02-08,0.23715414394849
2012-02-09,0.7623580241231
2012-02-10,-0.80877115529499
2012-02-13,1.76222777485533
2012-02-14,0.38769967401655
2012-02-15,0.87538619979401
2012-02-16,0.25522970903522
2012-02-17,1.1965402544944
2012-02-21,2.0880553459119398
2012-02-22,0.0246377513732
2012-02-23,1.9216531165311599
2012-02-24,1.5470123651682999
2012-02-27,-1.97571539993885
2012-02-28,-0.94705925206412
2012-02-29,0.31869820253254
2012-03-01,2.02835298281294
2012-03-02,-2.34730538922155
2012-03-05,0.49055923473142005
2012-03-06,-2.0502806431466802
2012-03-07,1.19611260413375
2012-03-08,0.5171115361459899
2012-03-09,0.6614404703576701
2012-03-12,-0.9491336091506499
2012-03-13,0.31941276856479
2012-03-14,-1.0286602484124399
2012-03-15,-0.32170502350903
2012-03-16,1.8619662825711598
2012-03-19,0.63368756114277
2012-03-20,-2.08283114354973
2012-03-21,0.56888449171406
2012-03-22,-1.27890063944908
2012-03-23,1.37020431913812
2012-03-26,0.19661096575598003
2012-03-27,-0.14716948736815
2012-03-28,-1.2773274693521999
2012-03-29,-2.23935810498528
2012-03-30,-0.15271315467769
2012-04-02,2.0392531226102397
2012-04-03,-0.9243042948864401
2012-04-04,-2.0675743822491
2012-04-05,1.08135427394438
2012-04-09,-0.73865770446549
2012-04-10,-1.18040284371561
2012-04-11,1.29836412871276
2012-04-12,1.10228408624886
2012-04-13,-0.7352865297993499
2012-04-16,0.07662324001924
2012-04-17,1.17406584992343
2012-04-18,-1.48839559758819
2012-04-19,-0.23047375750252
2012-04-20,1.1036961268915801
2012-04-23,-0.9139375708031999
2012-04-24,0.35869588415824
2012-04-25,0.61271894882404
2012-04-26,0.30448870844963
2012-04-27,0.22767518916457
2012-04-30,0.15144119513985
2012-05-01,1.18448084677421
2012-05-02,-0.6475790461977899
2012-05-03,-2.65730014182253
2012-05-04,-3.96600803677528
2012-05-07,-0.6436095295358001
2012-05-08,-0.48582997262699
2012-05-09,-0.94927857199018
2012-05-10,0.24644304490688002
2012-05-11,-0.9560311129190899
2012-05-14,-1.7926007607612302
2012-05-15,-0.9267115718418499
2012-05-16,-0.65192745612038
2012-05-17,-0.02852496515051
2012-05-18,-1.74087038410757
2012-05-21,2.0912053441765903
2012-05-22,-1.90612222440273
2012-05-23,-1.13109048723896
2012-05-24,0.49867409797594003
2012-05-25,-0.11674548258876
2012-05-29,0.02921975367562
2012-05-30,-3.53491089687407
2012-05-31,-1.24166868564508
2012-06-01,-3.61852488136998
2012-06-04,1.0499522748965902
2012-06-05,0.0
2012-06-06,1.2279659949622201
2012-06-07,-1.3374898079322
2012-06-08,0.25220681753488
2012-06-11,-3.45911331632431
2012-06-12,2.3452735392418997
2012-06-13,-1.01845957988542
2012-06-14,2.02572347266881
2012-06-15,-0.31516230696501
2012-06-18,-0.98007906987287
2012-06-19,1.14942528735631
2012-06-20,-3.7563131313131404
2012-06-21,-3.37816005247622
2012-06-22,2.17244067116229
2012-06-25,-0.99668106312292
2012-06-26,0.03355704810594
2012-06-27,1.30829256317653
2012-06-28,-2.31788402920914
2012-06-29,7.89830508474576
2012-07-02,-1.25667609173735
2012-07-03,4.80432389436845
2012-07-05,-0.9714632960371301
2012-07-06,-3.15756907288686
2012-07-09,1.83601772712885
2012-07-10,-2.02050991734597
2012-07-11,2.56980329949239
2012-07-12,-0.40210637784680997
2012-07-13,1.49068007792919
2012-07-16,1.34638616891065
2012-07-17,0.7850302169393201
2012-07-18,0.92869380081803
2012-07-19,2.8198279257889003
2012-07-20,-1.2702021151906
2012-07-23,-3.50877475120541
2012-07-24,0.45455151515152
2012-07-25,0.18098641442012
2012-07-26,0.60223127377989
2012-07-27,0.7782041304998399
2012-07-30,-0.65339178220325
2012-07-31,-2.30194611952329
2012-08-01,1.4993818849449199
2012-08-02,-1.71842036288335
2012-08-03,4.50920886559565
2012-08-06,1.02729087173465
2012-08-07,1.42359682879702
2012-08-08,-0.11458321397879001
2012-08-09,0.1720705526834
2012-08-10,-0.22903521328371002
2012-08-13,-0.54518797963777
2012-08-14,0.7501384881708
2012-08-15,0.77319878426109
2012-08-16,1.05144078009209
2012-08-17,1.09673787691964
2012-08-20,-0.33379414926859
2012-08-21,0.41863798947036995
2012-08-22,0.6670400222345799
2012-08-23,-1.27002481308601
2012-08-24,-0.22370806620292
2012-08-27,-0.1961855381166
2012-08-28,0.5054759756957
2012-08-29,-1.1455713566479
2012-08-30,-0.33918314473760003
2012-08-31,1.7867301070181503
2012-09-04,-1.0587935653049199
2012-09-05,0.16897213004629
2012-09-06,-0.95586168119202
2012-09-07,1.84502128867443
2012-09-10,-0.08362039900722999
2012-09-11,0.72525248118562
2012-09-12,-0.19385211315834
2012-09-13,1.30409818801061
2012-09-14,0.90386748309325
2012-09-17,-2.9587404994571203
2012-09-18,-0.5034965034965
2012-09-19,-4.07647174585325
2012-09-20,1.1430217216595
2012-09-21,-0.057942628684019996
2012-09-24,-1.15976218267542
2012-09-25,-0.9973599295981199
2012-09-26,-1.2148148148148
2012-09-27,2.42952009598079
2012-09-28,-0.08785651022802
2012-10-01,0.38101114832974997
2012-10-02,-0.67153284671531
2012-10-03,-4.14461787184012
2012-10-04,4.07849726836869
2012-10-05,-1.7383648125623101
2012-10-08,-0.38979612532509
2012-10-09,2.88982230915644
2012-10-10,-0.99473376243416
2012-10-11,1.32979018912527
2012-10-12,-0.84573050901922
2012-10-15,0.0
2012-10-16,0.38235588235293
2012-10-17,-0.08790799625233
2012-10-18,-0.08797067964637
2012-10-19,-2.1426474904608
2012-10-22,-1.31973005398921
2012-10-23,-2.8267566670664697
2012-10-24,-1.06349706172966
2012-10-25,0.47423966089911995
2012-10-26,0.031466330035669995
2012-10-31,-0.03145643185101
2012-11-01,0.8810572409988201
2012-11-02,-2.2146006795196302
2012-11-05,0.82934928229665
2012-11-06,3.00537794984568
2012-11-07,-4.14619766135756
2012-11-08,0.2883691217036
2012-11-09,1.37380515571264
2012-11-12,-0.44122281752284004
2012-11-13,-0.56980056980057
2012-11-14,1.14613180515759
2012-11-15,-0.88133459238275
2012-11-16,1.39726897427754
2012-11-19,2.31756341998122
2012-11-20,-2.20384770149052
2012-11-21,0.53207510071753
2012-11-23,0.62266813893736
2012-11-26,-0.40223081683168005
2012-11-27,-0.6523734281569801
2012-11-28,-0.5941181988742901
2012-11-29,1.19533497340878
2012-11-30,1.2123190060503
2012-12-03,0.12284090531814999
2012-12-04,-0.61348470021378
2012-12-05,-0.5555586076815601
2012-12-06,-1.73805394978108
2012-12-07,-0.41060960202148006
2012-12-10,-0.44402789584433
2012-12-11,0.25485824322582
2012-12-12,0.9850715279654001
2012-12-13,-0.62932974734645
2012-12-14,0.7283058898036799
2012-12-17,0.62872997889751
2012-12-18,0.53109031746891
2012-12-19,1.52267868241143
2012-12-20,0.18366086217696
2012-12-21,-1.1304582951420699
2012-12-24,-0.37082508124768
2012-12-26,2.82258047006325
2012-12-27,0.12065459302235
2012-12-28,-0.45193734413791997
2012-12-31,0.99878326274869
2013-01-02,1.34851966881988
2013-01-03,-0.23654050857481998
2013-01-04,0.41493477089895003
2013-01-07,0.1180548961613
2013-01-08,0.11792748336838
2013-01-09,-0.2355653779613
2013-01-10,0.85595333955272
2013-01-11,-0.32191105191168
2013-01-14,0.64591307557506
2013-01-15,-0.84596560227437
2013-01-16,0.8531832390006899
2013-01-17,1.13768673097103
2013-01-18,0.28843958975712003
2013-01-22,0.69024446361805
2013-01-23,-1.14252220180077
2013-01-24,0.43339207069079
2013-01-25,0.057540279490200005
2013-01-28,0.46003451581468
2013-01-29,1.00172298230459
2013-01-30,0.56673560309619
2013-01-31,-0.59172439607075
2013-02-01,0.19840986956944
2013-02-04,-1.6124442213547
2013-02-05,0.7188039309604399
2013-02-06,0.02855266995582
2013-02-07,-1.02740008483446
2013-02-08,0.05767301038062
2013-02-11,1.21036884119974
2013-02-12,0.45558087857574997
2013-02-13,-0.25510204804708997
2013-02-14,0.22734015991305
2013-02-15,-1.55939608732634
2013-02-19,0.69123845935372
2013-02-20,-2.25972832550712
2013-02-21,-2.16563665002263
2013-02-22,0.50851929404727
2013-02-25,-1.1607113786137702
2013-02-26,0.3613459910071
2013-02-27,0.21002098949769
2013-02-28,-1.0179670049121599
2013-03-01,-0.96793403000805
2013-03-04,-1.03848497015974
2013-03-05,0.89505241388565
2013-03-06,-0.45884981519884
2013-03-07,1.22925011588046
2013-03-08,0.33394050801276
2013-03-11,-0.0302511355598
2013-03-12,0.66585046410865
2013-03-13,-0.21046002468191002
2013-03-14,0.69297682112012
2013-03-15,0.53859967316574
2013-03-18,0.14882143742984
2013-03-19,-1.72363139829829
2013-03-20,1.14908073782884
2013-03-21,-1.1958205920532001
2013-03-22,1.69440852328013
2013-03-25,0.71406424534175
2013-03-26,1.7725348166933501
2013-03-27,0.2902699480328
2013-03-28,0.57887411226842
2013-04-01,-0.20143884892086
2013-04-02,-0.08649942329872
2013-04-03,-2.56855396429703
2013-04-04,-1.09596866682279
2013-04-05,-0.32943996194790004
2013-04-08,0.6310186487686
2013-04-09,0.44788590935288997
2013-04-10,0.56481273973878
2013-04-11,-1.09371261639298
2013-04-12,-2.77943821815418
2013-04-15,-3.1970459021532602
2013-04-16,0.8574150523976001
2013-04-17,-2.36146095717884
2013-04-18,2.03159948403739
2013-04-19,-0.7901390894481299
2013-04-22,1.3698662430667898
2013-04-23,0.12571024512884
2013-04-24,2.51098234428806
2013-04-25,1.80649112063687
2013-04-26,-0.39098045112782
2013-04-29,1.47947468235128
2013-04-30,-1.3388901714105899
2013-05-01,-2.3220778045838197
2013-05-02,3.3961192774349698
2013-05-03,1.55269026260436
2013-05-06,0.38224348028481003
2013-05-07,-0.38078794319824
2013-05-08,1.1467333811663099
2013-05-09,-0.66861624019672
2013-05-10,-0.08779339114972999
2013-05-13,-0.8201464797934099
2013-05-14,-0.88600115516829
2013-05-15,0.14898688471431
2013-05-16,0.77357331825131
2013-05-17,1.00383823453907
2013-05-20,0.67231805531475
2013-05-21,-0.95818237393097
2013-05-22,-1.90560533844603
2013-05-23,0.23909743691263
2013-05-24,-0.50686343151866
2013-05-28,1.25862155404919
2013-05-29,-2.04203308546809
2013-05-30,0.4531782751165
2013-05-31,-1.9248090225564
2013-06-03,1.68659608443433
2013-06-04,0.12063027744270999
2013-06-05,0.1807138499785
2013-06-06,1.08238431042598
2013-06-07,1.60618981577005
2013-06-10,-0.46838407494144
2013-06-11,-0.61764411764706
2013-06-12,0.71026337051602
2013-06-13,0.8815839224679499
2013-06-14,1.19429063825862
2013-06-17,0.05755900647329999
2013-06-18,0.57537690307116
2013-06-19,-0.51487415660397
2013-06-20,-3.30649233198654
2013-06-21,-1.18941715166765
2013-06-24,1.23382184772798
2013-06-25,0.2972740873149
2013-06-26,0.17782156622279
2013-06-27,1.56805625940994
2013-06-28,-0.43694142517091
2013-07-01,1.43358104154476
2013-07-02,1.5575455181739801
2013-07-03,1.78926730443816
2013-07-05,2.00893136160714
2013-07-08,-0.41028718790242996
2013-07-09,0.98873935731944
2013-07-10,1.7949415284199002
2013-07-11,-1.12209991985038
2013-07-12,1.4860930281595601
2013-07-15,0.29285675471626
2013-07-16,-0.50437486086408
2013-07-17,0.85378601921024
2013-07-18,1.42857411186705
2013-07-19,0.28690923317682
2013-07-22,-1.37842129054822
2013-07-23,0.44831753419396
2013-07-24,-1.8114938304016899
2013-07-25,0.48128339672282
2013-07-26,-0.9845741892190301
2013-07-29,-0.21499059970412998
2013-07-30,-1.23889843148671
2013-07-31,1.88165540668968
2013-08-01,2.43575742944977
2013-08-02,-0.86229683825451
2013-08-05,-0.28992357116297995
2013-08-06,-0.97806761945187
2013-08-07,-1.20128406837384
2013-08-08,-0.45932993565684
2013-08-09,2.0358306188925
2013-08-12,0.45224261771748003
2013-08-13,0.37077332472315
2013-08-14,0.50131395771431
2013-08-15,0.39380939879232
2013-08-16,0.41841001995763005
2013-08-19,-0.59896871880371
2013-08-20,-1.70290289247591
2013-08-21,-0.93284115138593
2013-08-22,0.99543454374142
2013-08-23,1.09216832466255
2013-08-26,0.026345190346629997
2013-08-27,2.39726033712486
2013-08-28,0.540270145106
2013-08-29,-1.27942675130877
2013-08-30,-0.25920682948643
2013-09-03,0.72764553014554
2013-09-04,-1.0835862272232302
2013-09-05,0.9128821074595599
2013-09-06,1.7317188351439399
2013-09-09,-1.0670782249217798
2013-09-10,-1.54082952082253
2013-09-11,0.36515388628062
2013-09-12,1.01351091476092
2013-09-13,-0.051456137161200004
2013-09-16,-1.9047542808110398
2013-09-17,-0.97087113694907
2013-09-18,2.49072058872706
2013-09-19,-1.55118407445708
2013-09-20,-0.81408083959658
2013-09-23,-1.3238019592269
2013-09-24,-0.13415347464448
2013-09-25,-0.9134873478375299
2013-09-26,0.54230204603302
2013-09-27,-0.32363266862821
2013-09-30,-0.29762176129929996
2013-10-01,-0.4613243126906
2013-10-02,2.01744274809161
2013-10-03,-0.74826032860824
2013-10-04,0.45773291485549
2013-10-07,-0.45564726733724004
2013-10-08,0.45773291485549
2013-10-09,-2.03699270873779
2013-10-10,1.5047852668888
2013-10-11,-0.9433908864361599
2013-10-14,0.32652789115645
2013-10-15,-1.08488747178972
2013-10-16,1.2338826094356201
2013-10-17,-1.46261383871148
2013-10-18,0.19241340867473
2013-10-21,-1.39918240331461
2013-10-22,-1.4746772808758402
2013-10-23,-1.29906523580908
2013-10-24,0.11445207111724001
2013-10-25,0.94312083777532
2013-10-28,0.65118629671574
2013-10-29,-0.39380873119012
2013-10-30,-1.58147980796385
2013-10-31,-0.45910763036485
2013-11-01,-1.61429234979222
2013-11-04,-0.26369761899509003
2013-11-05,-1.08696530296811
2013-11-06,1.54440460614225
2013-11-07,-0.6434571700338301
2013-11-08,0.11774212193870999
2013-11-11,0.7350779614865
2013-11-12,-1.8096877880728401
2013-11-13,0.77289835829066
2013-11-14,0.08848967029559
2013-11-15,-0.1473592690834
2013-11-18,-0.7674202843146299
2013-11-19,0.29744795649757
2013-11-20,-0.26690390667545
2013-11-21,1.60570021987212
2013-11-22,-0.38044193037413004
2013-11-25,-0.64630139111921
2013-11-26,-0.38439089296274
2013-11-27,-1.48411996094152
2013-11-29,0.8134980660891199
2013-12-02,0.65750450261519
2013-12-03,2.46436460807602
2013-12-04,1.07216175439939
2013-12-05,0.14334575277104
2013-12-06,0.34354136845118
2013-12-09,-0.39942654491944996
2013-12-10,1.1458063592093999
2013-12-11,-0.9345822448433201
2013-12-12,-0.02858490566035
2013-12-13,-0.9436716916307699
2013-12-16,0.86605083331554
2013-12-17,-0.20034345164119
2013-12-18,0.4588471597031
2013-12-19,0.82786471104381
2013-12-20,0.45300113250281004
2013-12-23,-0.33821589627959
2013-12-24,0.36764987648048003
2013-12-26,0.45083119465589
2013-12-27,0.53295368679082
2013-12-30,-0.8649581473214399
2013-12-31,-0.59104701916821
2014-01-02,-3.08607021517555
2014-01-03,-1.40227870289219
2014-01-06,-0.53333333333333
2014-01-07,0.029794459338699997
2014-01-08,-1.2507503722007
2014-01-09,-0.24124849215921
2014-01-10,0.33251811774377
2014-01-13,-1.1449171782138299
2014-01-14,0.70100576955178
2014-01-15,2.2094400057675703
2014-01-16,-0.35533905833581003
2014-01-17,0.11886180571400999
2014-01-21,0.89048088128467
2014-01-22,1.67696077217061
2014-01-23,0.46296294956704004
2014-01-24,-0.40322291465372
2014-01-27,-1.01215147413816
2014-01-28,1.34384750219108
2014-01-29,0.11530989089966999
2014-01-30,0.6334609847394199
2014-01-31,-0.42919025953676
2014-02-03,-0.80459485070674
2014-02-04,0.63731749710311
2014-02-05,-0.08636441644416999
2014-02-06,0.5474013410371901
2014-02-07,2.12033512204384
2014-02-10,-0.02805275050653
2014-02-11,0.028060622282879998
2014-02-12,0.44893379486346
2014-02-13,0.19553073171874
2014-02-14,0.11151659078663
2014-02-18,2.0885547201336703
2014-02-19,0.6546699399891001
2014-02-20,-0.054203249094669996
2014-02-21,-0.51518979080288
2014-02-24,0.27255928788657996
2014-02-25,-0.54362868867546
2014-02-26,0.43727794479364
2014-02-27,-0.16326802721088
2014-02-28,0.13628509502001
2014-03-03,2.12302111469675
2014-03-04,-1.22601012793178
2014-03-05,-2.21262541250337
2014-03-06,0.9105904574729399
2014-03-07,0.57423844681432
2014-03-10,-1.30505713173075
2014-03-11,-1.34985678649743
2014-03-12,-1.28456572788144
2014-03-13,-0.02828288703154
2014-03-14,0.53763157894735
2014-03-17,-1.0695103031103201
2014-03-18,1.22332852214346
2014-03-19,0.36536535326783
2014-03-20,-0.36403529442833
2014-03-21,0.73074194880598
2014-03-24,-0.05580357142858
2014-03-25,-0.1395868230039
2014-03-26,0.89460441710931
2014-03-27,1.1360487669714399
2014-03-28,0.32876438356164
2014-03-31,-0.08191971823919
2014-04-01,-2.07706477179558
2014-04-02,-0.08373708714835999
2014-04-03,0.9497206969195799
2014-04-04,0.80243776431758
2014-04-07,-0.41175130387043996
2014-04-08,1.70893885636547
2014-04-09,0.8672059150566
2014-04-10,-0.053734549872800005
2014-04-11,-0.05376612758692
2014-04-14,0.53792630446476
2014-04-15,0.026746922772950002
2014-04-16,0.24070875209167
2014-04-17,0.48025613660618
2014-04-21,-0.05310939989376
2014-04-22,-1.7003161982018198
2014-04-23,-0.24324324324325
2014-04-24,0.37929829314549
2014-04-25,-1.21457763062288
2014-04-28,0.30054919675132996
2014-04-29,0.02724598276344
2014-04-30,-1.08932731238216
2014-05-01,-0.44052863436124
2014-05-02,0.359516039823
2014-05-05,-0.41334250721016
2014-05-06,0.13835086160349
2014-05-07,1.1329069116581
2014-05-08,-0.30053553554839
2014-05-09,-0.24664290234897
2014-05-12,0.52197249879273
2014-05-13,1.2298469527193001
2014-05-14,0.37796705243069
2014-05-15,-0.37654384077462
2014-05-16,0.51295624965022
2014-05-19,0.40290357238785
2014-05-20,0.3745291499591
2014-05-21,1.22601279317696
2014-05-22,0.07898367561876
2014-05-23,0.44725600880062
2014-05-27,-0.10476951283393
2014-05-28,-1.20608026235135
2014-05-29,0.6104033970276
2014-05-30,-0.60670007913478
2014-06-02,-0.39809182590234
2014-06-03,0.29309886205968
2014-06-04,-0.34537992415993
2014-06-05,0.10664090144711
2014-06-06,0.15979228121949
2014-06-09,1.51555167467292
2014-06-10,0.26191461498165997
2014-06-11,-0.07836729567312001
2014-06-12,2.16993986928105
2014-06-13,0.10234646354419
2014-06-16,0.12780930797058
2014-06-17,-0.45952517025913997
2014-06-18,0.05128494222699
2014-06-19,0.30762113856042
2014-06-20,0.48555838268442
2014-06-23,-0.40691759918617
2014-06-24,-0.1787538304392
2014-06-25,0.51164236377587
2014-06-26,-0.81445658400465
2014-06-27,0.025658197955900002
2014-06-30,-0.25653925089789
2014-07-01,-0.05144032789505001
2014-07-02,-1.1837338861622602
2014-07-03,-0.39063018798801
2014-07-07,-0.20915555555555002
2014-07-08,0.02620382636646
2014-07-09,-1.28339706652698
2014-07-10,0.55718494447294
2014-07-11,-1.9525117703160102
2014-07-14,0.43057050592034
2014-07-15,-1.17898981779206
2014-07-16,1.16594356925315
2014-07-17,1.39373086588768
2014-07-18,-0.29077714561051
2014-07-21,1.00741513766132
2014-07-22,-0.39369293405212
2014-07-23,0.55335703416712
2014-07-24,-0.89098532494758
2014-07-25,-0.13220518244314
2014-07-28,-0.34419115700291003
2014-07-29,-0.66418705271484
2014-07-30,-1.2570233018727899
2014-07-31,-1.6251300988694501
2014-08-01,-0.35793226872247
2014-08-04,0.80132911857775
2014-08-05,-0.87719298245614
2014-08-06,-0.58074944690264
2014-08-07,0.58414184745083
2014-08-08,-0.11062223451326
2014-08-11,0.2768604727813
2014-08-12,-0.63500550427927
2014-08-13,0.08335092618223
2014-08-14,-2.52637146029985
2014-08-15,0.93989743833957
2014-08-18,-1.0722291498936
2014-08-19,-0.9982943240646001
2014-08-20,0.43215789202413
2014-08-21,0.6597790975393301
2014-08-22,-0.37047876888001996
2014-08-25,-0.25743707830198
2014-08-26,0.48753084277403996
2014-08-27,-0.028544519733320003
2014-08-28,0.82786471104381
2014-08-29,1.24574745186863
2014-09-02,-2.71251972665101
2014-09-03,2.18452997457517
2014-09-04,-0.70323490023164
2014-09-05,-1.13313600943727
2014-09-08,-0.57306873506769
2014-09-09,-0.23055330747685
2014-09-10,-1.03986427036002
2014-09-11,1.25511098979048
2014-09-12,-0.8936235483892601
2014-09-15,0.52356019419546
2014-09-16,1.99652482648944
2014-09-17,-0.68085673758864
2014-09-18,-1.11396464518508
2014-09-19,-0.14442230342063
2014-09-22,-1.0992218686722601
2014-09-23,0.73120797692916
2014-09-24,1.62601921097616
2014-09-25,-0.48570857142856
2014-09-26,0.9474532904132299
2014-09-29,1.02389078498295
2014-09-30,-3.12500000000002
2014-10-01,-0.7555884917175
2014-10-02,0.64420786856762
2014-10-03,-1.7457056079634998
2014-10-06,0.7995291679004901
2014-10-07,-1.76263802107408
2014-10-08,-1.31578652260127
2014-10-09,-2.6969666666666803
2014-10-10,0.21799750177522
2014-10-13,-0.59042883778744
2014-10-14,-3.56361362925913
2014-10-15,-0.58346839546191
2014-10-16,1.40202151940005
2014-10-17,0.48231511254019
2014-10-20,-0.3520032
2014-10-21,0.51380862279411
2014-10-22,-2.39616621074014
2014-10-23,1.66939448999655
2014-10-24,-0.57952352155581
2014-10-27,-0.77720209770733
2014-10-28,0.58747064580517
2014-10-29,1.33030499675535
2014-10-30,-1.5049631764329199
2014-10-31,-0.4226300390117
2014-11-03,-2.84034942345248
2014-11-04,-1.54570228494624
2014-11-05,2.21843693578283
2014-11-06,-1.16861765714131
2014-11-07,0.54054054054053
2014-11-10,-1.41129032258065
2014-11-11,0.27266530334015004
2014-11-12,-0.95173691366418
2014-11-13,-2.91694587909903
2014-11-14,1.9087980944221299
2014-11-17,-0.52029136316337
2014-11-18,-1.6736366806136702
2014-11-19,0.17730141215244
2014-11-20,1.69911504424778
2014-11-21,1.28785241907414
2014-11-24,-1.23711340206186
2014-11-25,-2.47042101600556
2014-11-26,-0.46379234877658004
2014-11-28,-8.315412186379929
2014-12-01,2.8928850664581702
2014-12-02,-2.81155015197569
2014-12-03,0.0
2014-12-04,-0.9382329945269601
2014-12-05,-1.49960931333859
2014-12-08,-4.20672693135925
2014-12-09,1.2128858218318799
2014-12-10,-3.8016527354689003
2014-12-11,-2.57732377245172
2014-12-12,-3.3068783068783
2014-12-15,-3.96717282261742
2014-12-16,1.13960119371326
2014-12-17,0.18779813088254
2014-12-18,-2.8116213683224
2014-12-19,5.882348119575711
2014-12-22,-4.73587908633328
2014-12-23,3.05926864244741
2014-12-24,-2.36549176092263
2014-12-26,-1.28265089228746
2014-12-29,-2.30992289172651
2014-12-30,-0.049251233953260004
2014-12-31,0.34499751872856
2015-01-02,-2.30845764693234
2015-01-05,-5.53040751786865
2015-01-06,-3.9382754689582002
2015-01-07,1.77286436414761
2015-01-08,0.97984752423259
2015-01-09,-1.4555149032622698
2015-01-12,-4.75930499128527
2015-01-13,1.20620907524411
2015-01-14,3.68898389960364
2015-01-15,-4.48822660098521
2015-01-16,5.04297392303874
2015-01-20,-4.63720676486633
2015-01-21,1.65903890160182
2015-01-22,-2.0258863252673
2015-01-23,-2.35496840896037
2015-01-26,-0.7647
2015-01-27,2.01539999908715
2015-01-28,-3.7768741299752504
2015-01-29,0.72464376356542
2015-01-30,6.83453237410072
2015-02-02,4.48934343434342
2015-02-03,5.37056899191359
2015-02-04,-6.82976519725967
2015-02-05,4.10284441450524
2015-02-06,2.31212809710311
2015-02-09,1.5408372645525
2015-02-10,-4.1982751643905
2015-02-11,-2.27033250948613
2015-02-12,3.6196650459211095
2015-02-13,2.29406152241918
2015-02-17,0.8664627489060901
2015-02-18,-2.67812518048887
2015-02-19,-0.83073727933541
2015-02-20,-2.35602094240839
2015-02-23,-2.89543699731902
2015-02-24,-0.38652675944081
2015-02-25,3.38136899216357
2015-02-26,-3.32439142091153
2015-02-27,0.38823625134576
2015-03-02,1.21546961325967
2015-03-03,0.92794759825327
2015-03-04,2.8123309897241997
2015-03-05,-1.57812204103105
2015-03-06,-2.51202044425551
2015-03-09,0.60307017543861
2015-03-10,-2.39782016348774
2015-03-11,-0.7816862088218799
2015-03-12,-1.8570568373663598
2015-03-13,-3.66973602811146
2015-03-16,-2.67856563562889
2015-03-17,-2.38532110091744
2015-03-18,5.0125313283208
2015-03-19,-4.05727923627687
2015-03-20,2.1766169154229
2015-03-23,2.13025562994522
2015-03-24,0.05959475210996999
2015-03-25,3.39487770131759
2015-03-26,4.89630156127294
2015-03-27,-5.8758926895053705
2015-03-30,0.52509337952704
2015-03-31,-2.26349390597795
2015-04-01,4.3942992874109095
2015-04-02,-0.11377133105798999
2015-04-06,4.9544478903444
2015-04-07,3.41833423765601
2015-04-08,-5.19411884544171
2015-04-09,-0.22135583840620998
2015-04-10,2.10759278382737
2015-04-13,0.48886474741986996
2015-04-14,1.72972972972973
2015-04-15,4.72900637619553
2015-04-16,1.16693055134096
2015-04-17,-0.50150950343482
2015-04-20,0.25201108870966
2015-04-21,-2.21215697396465
2015-04-22,-0.46272491194215004
2015-04-23,2.06611043046951
2015-04-24,-0.45546558704453005
2015-04-27,-0.76258261311643
2015-04-28,0.40983606557377994
2015-04-29,2.6530663265306
2015-04-30,1.93836471479303
2015-05-01,-0.53632374451488
2015-05-04,-0.58823039215686
2015-05-05,2.36685885764998
2015-05-06,0.28901734104045
2015-05-07,-2.97790105667627
2015-05-08,1.08910390648
2015-05-11,-0.19589128305582001
2015-05-12,1.76644267745056
2015-05-13,-0.62680327868851
2015-05-14,-0.38816106801742
2015-05-15,-0.04871407458771
2015-05-18,-0.38985867446393
2015-05-19,-3.9628275947735903
2015-05-20,1.06979628475783
2015-05-21,3.3266129032258
2015-05-22,-1.21951219512195
2015-05-26,-2.76542716049384
2015-05-27,-1.06653625868276
2015-05-28,0.41067248459958006
2015-05-29,3.83435602425133
2015-06-01,0.24619400522864998
2015-06-02,1.5717042450047
2015-06-03,-2.46615087040618
2015-06-04,-2.5285076846802297
2015-06-05,1.22075279755849
2015-06-08,-0.9547788944723501
2015-06-09,2.53678348740658
2015-06-10,2.1276596797456597
2015-06-11,-0.72673937629551
2015-06-12,-1.0736944851146801
2015-06-15,-0.59200789343858
2015-06-16,0.54590570719603
2015-06-17,-0.24679664363278
2015-06-18,0.7422167611190901
2015-06-19,-1.66994589047418
2015-06-22,0.6993006993007
2015-06-23,1.53769345238095
2015-06-24,-1.3189937136782501
2015-06-25,-1.08911380746961
2015-06-26,0.0
2015-06-29,-2.35235235235235
2015-06-30,1.89645822655049
2015-07-01,-3.92353641466481
2015-07-02,-0.8900523560209501
2015-07-06,-6.339144215530899
2015-07-07,0.16920473773265
2015-07-08,-2.13964527027027
2015-07-09,1.89873428646341
2015-07-10,-0.2258554616519
2015-07-13,-0.9054895302773
2015-07-14,1.1993089663049599
2015-07-15,-2.76523153302661
2015-07-16,-1.04469529889728
2015-07-17,-0.35190031389444
2015-07-20,-1.7657386698057598
2015-07-21,1.3181485129929
2015-07-22,-3.3707865168539297
2015-07-23,-1.22399632802938
2015-07-24,-0.6815242057945701
2015-07-27,-2.37056129940353
2015-07-28,1.27795527156549
2015-07-29,2.46056782334385
2015-07-30,-0.86206896551722
2015-07-31,-3.1677018633540404
2015-08-03,-3.1430404105195597
2015-08-04,0.7947019867549701
2015-08-05,-1.24835742444154
2015-08-06,-1.06453759148371
2015-08-07,-2.08473436449226
2015-08-10,2.26648351648351
2015-08-11,-2.75352585627938
2015-08-12,-0.27624309392265
2015-08-13,-2.42382271468143
2015-08-14,-0.70972320794889
2015-08-17,-0.71479628305932
2015-08-18,1.1519078473722
2015-08-19,-4.41281138790036
2015-08-20,-0.44676098287415994
2015-08-21,-1.04712041884816
2015-08-24,-5.51776266061981
2015-08-25,1.8399999999999999
2015-08-26,0.31421838177532
2015-08-27,9.24040720438528
2015-08-28,6.66666666666669
2015-08-31,6.78763440860215
2015-09-01,-6.79672750157332
2015-09-02,1.89061444969614
2015-09-03,1.6567263088137898
2015-09-04,-1.69491525423728
2015-09-08,-0.39787798408488
2015-09-09,-3.3288948069241
2015-09-10,2.8236914600551
2015-09-11,-1.87541862022772
2015-09-14,-1.7747440273037498
2015-09-15,1.25086865879083
2015-09-16,5.42210020590252
2015-09-17,-0.84635416666666
2015-09-18,-4.00525279054499
2015-09-21,2.94117647058825
2015-09-22,-0.86378737541529
2015-09-23,-3.2171581769436997
2015-09-24,1.0387811634349
2015-09-25,0.8224811514736
2015-09-28,-2.24337185588035
2015-09-29,1.5994436717663403
2015-09-30,0.47912388774811
2015-10-01,-0.68119891008173
2015-10-02,1.30315500685871
2015-10-05,1.5572105619499101
2015-10-06,4.93333333333335
2015-10-07,-1.08005082592122
2015-10-08,3.01863198458574
2015-10-09,-0.31172691323397
2015-10-12,-4.25265791119449
2015-10-13,-1.63291966035271
2015-10-14,-0.06640106241699001
2015-10-15,0.53156146179402
2015-10-16,0.59484467944481
2015-10-19,-2.56241787122208
2015-10-20,-0.67430883344571
2015-10-21,-2.0366598778004197
2015-10-22,0.55440055440054
2015-10-23,-1.65403170227429
2015-10-26,-1.8220042046250802
2015-10-27,-1.35617416131334
2015-10-28,6.29522431259044
2015-10-29,-0.40844111640571
2015-10-30,1.23034859876965
2015-11-02,-0.40513166779202997
2015-11-03,3.59322033898304
2015-11-04,-2.81413612565445
2015-11-05,-2.49158249158249
2015-11-06,-1.72651933701657
2015-11-09,-1.0541110330288201
2015-11-10,0.07102272727272
2015-11-11,-2.34208658623137
2015-11-12,-2.9796511627906996
2015-11-13,-2.17228464419476
2015-11-16,2.5267993874425803
2015-11-17,-2.83793876026887
2015-11-18,0.30745580322828
2015-11-19,-0.6896551724137899
2015-11-20,-0.23148148148147998
2015-11-23,0.69605568445476
2015-11-24,2.30414746543779
2015-11-25,0.52552552552553
2015-11-27,-2.68857356235997
2015-11-30,-0.7674597083653001
2015-12-01,0.15467904098993
2015-12-02,-3.62934362934362
2015-12-03,2.32371794871795
2015-12-04,-2.4275646045418897
2015-12-07,-5.9390048154093105
2015-12-08,-0.34129692832765
2015-12-09,-1.02739726027397
2015-12-10,-1.64359861591696
2015-12-11,-2.63852242744063
2015-12-14,0.8130081300812899
2015-12-15,2.1505376344086
2015-12-16,-3.5964912280701795
2015-12-17,-2.27479526842584
2015-12-18,-0.74487895716945
2015-12-21,0.0
2015-12-22,1.03189493433395
2015-12-23,4.5496750232126395
2015-12-24,0.35523978685614
2015-12-28,-3.27433628318585
2015-12-29,3.0192131747484
2015-12-30,-2.93072824156305
2015-12-31,0.64043915827996
2016-01-04,-0.18181818181818
2016-01-05,-2.91438979963571
2016-01-06,-5.15947467166979
2016-01-07,-2.07715133531157
2016-01-08,-1.01010101010101
2016-01-11,-5.6122448979592
2016-01-12,-0.86486486486486
2016-01-13,-0.87241003271537
2016-01-14,1.54015401540155
2016-01-15,-4.76706392199351
2016-01-19,-3.41296928327643
2016-01-20,-2.94464075382803
2016-01-21,3.88349514563107
2016-01-22,8.294392523364479
2016-01-25,-7.8748651564185606
2016-01-26,5.03512880562063
2016-01-27,2.34113712374582
2016-01-28,5.664488017429179
2016-01-29,-0.51546391752576
2016-02-01,-6.528497409326429
2016-02-02,-4.98891352549888
2016-02-03,8.984830805134191
2016-02-04,-2.3554603854389797
2016-02-05,-2.30263157894736
2016-02-08,-3.03030303030303
2016-02-09,-5.32407407407408
2016-02-10,-2.6894865525672302
2016-02-11,0.37688442211054
2016-02-12,4.25531914893618
2016-02-16,-0.24009603841536
2016-02-17,5.6558363417569
2016-02-18,-1.3667425968109201
2016-02-19,-1.27020785219399
2016-02-22,4.21052631578946
2016-02-23,-4.82603815937149
2016-02-24,1.29716981132075
2016-02-25,2.4447031431897597
2016-02-26,-0.22727272727274
2016-02-29,2.50569476082005
2016-03-01,1.66666666666666
2016-03-02,1.63934426229508
2016-03-03,-0.53763440860216
2016-03-04,4.32432432432432
2016-03-07,4.766839378238339
2016-03-08,-4.54995054401581
2016-03-09,5.18134715025906
2016-03-10,-1.08374384236455
2016-03-11,1.49402390438247
2016-03-14,-3.0421982335622997
2016-03-15,-1.82186234817815
2016-03-16,4.94845360824743
2016-03-17,3.6345776031434305
2016-03-18,-0.6635071090047401
2016-03-21,1.04961832061068
2016-03-22,-0.47214353163362
2016-03-23,-4.0796963946869
2016-03-24,-0.49455984174082995
2016-03-28,-0.49701789264414
2016-03-29,-2.09790209790209
2016-03-30,-0.71428571428571
2016-03-31,-0.30832476875644
2016-04-01,-3.81443298969072
2016-04-04,-2.67952840300107
2016-04-05,0.55066079295154
2016-04-06,5.14786418400874
2016-04-07,-0.9375
2016-04-08,5.46792849631965
2016-04-11,2.4925224327019
2016-04-12,3.50194552529184
2016-04-13,-1.2218045112782
2016-04-14,-0.28544243577544
2016-04-15,-2.19465648854962
2016-04-18,-0.78048780487804
2016-04-19,2.65486725663717
2016-04-20,3.06513409961686
2016-04-21,-0.3717472118959
2016-04-22,0.37313432835819
2016-04-25,-1.9516728624535198
2016-04-26,2.46445497630332
2016-04-27,3.05272895467159
2016-04-28,0.7181328545780901
2016-04-29,0.71301247771835
2016-05-02,-2.21238938053098
2016-05-03,-2.80542986425339
2016-05-04,0.4655493482309
2016-05-05,1.0194624652456
2016-05-06,0.55045871559633
2016-05-09,-2.5547445255474597
2016-05-10,2.90262172284645
2016-05-11,3.18471337579618
2016-05-12,0.97001763668429
2016-05-13,-0.69868995633187
2016-05-16,3.4300791556728396
2016-05-17,1.36054421768708
2016-05-18,-1.84563758389262
2016-05-19,0.76923076923076
2016-05-20,-0.33927056827818997
2016-05-23,-0.7659574468085
2016-05-24,1.3722126929674099
2016-05-25,1.77664974619289
2016-05-26,-0.66500415627597
2016-05-27,0.25104602510461
2016-05-31,-0.91819699499166
2016-06-01,0.50547598989048
2016-06-02,-0.58675607711651
2016-06-03,-0.33726812816188
2016-06-06,1.86125211505921
2016-06-07,1.4950166112957
2016-06-08,1.7184942716857599
2016-06-09,-1.44810941271118
2016-06-10,-3.10204081632653
2016-06-13,-0.92670598146588
2016-06-14,-0.25510204081632
2016-06-15,-2.21653878942881
2016-06-16,-2.8770706190061097
2016-06-17,4.66786355475763
2016-06-20,2.14408233276158
2016-06-21,-0.16792611251049
2016-06-22,-1.26156433978133
2016-06-23,2.0442930153322
2016-06-24,-4.84140233722872
2016-06-27,-1.8421052631579
2016-06-28,2.50223413762289
2016-06-29,2.78988666085438
2016-06-30,-1.8659881255300999
2016-07-01,1.81503889369057
2016-07-05,-5.093378607809839
2016-07-06,1.3416815742397101
2016-07-07,-4.50132391879965
2016-07-08,0.09242144177448
2016-07-11,-1.66204986149584
2016-07-12,5.07042253521126
2016-07-13,-3.93208221626452
2016-07-14,1.11627906976743
2016-07-15,1.10395584176635
2016-07-18,-1.54686078252957
2016-07-19,-1.10905730129391
2016-07-20,0.2803738317757
2016-07-21,-2.23671947809879
2016-07-22,-0.66730219256434
2016-07-25,-2.78310940499039
2016-07-26,-0.49358341559724
2016-07-27,-1.78571428571428
2016-07-28,-2.3232323232323298
2016-07-29,0.9307135470527399
2016-08-01,-3.5860655737704903
2016-08-02,-0.8501594048884099
2016-08-03,3.8585209003215297
2016-08-04,1.54798761609907
2016-08-05,0.20325203252031
2016-08-08,2.4340770791075
2016-08-09,-0.29702970297028
2016-08-10,-2.97914597815294
2016-08-11,4.50358239508701
2016-08-12,2.8403525954946
2016-08-15,2.4761904761904803
2016-08-16,1.48698884758365
2016-08-17,0.64102564102563
2016-08-18,2.82074613284804
2016-08-19,0.35398230088494
2016-08-22,-3.26278659611993
2016-08-23,1.0938924339106502
2016-08-24,-2.43462578899909
2016-08-25,1.20147874306837
2016-08-26,0.0
2016-08-29,-0.91324200913242
2016-08-30,-1.10599078341013
2016-08-31,-3.44827586206897
2016-09-01,-2.89575289575289
2016-09-02,1.78926441351888
2016-09-06,1.46484375
2016-09-07,1.25120307988449
2016-09-08,4.18250950570342
2016-09-09,-3.3759124087591297
2016-09-12,0.47214353163362
2016-09-13,-2.5375939849624203
2016-09-14,-2.70009643201542
2016-09-15,0.49554013875123
2016-09-16,-1.38067061143985
2016-09-19,-0.2
2016-09-20,0.90180360721443
2016-09-21,3.27706057596822
2016-09-22,1.25
2016-09-23,-3.2288698955365596
2016-09-26,2.35525024533858
2016-09-27,-2.68456375838926
2016-09-28,4.9261083743842295
2016-09-29,2.0657276995305103
2016-09-30,0.55197792088317
2016-10-03,1.55535224153704
2016-10-04,-0.09009009009008
2016-10-05,2.34445446348062
2016-10-06,1.40969162995594
2016-10-07,-1.56385751520417
2016-10-10,3.00088261253311
2016-10-11,-0.77120822622107
2016-10-12,-1.29533678756477
2016-10-13,0.5249343832021099
2016-10-14,-0.43516100957354004
2016-10-17,-0.61188811188811
2016-10-18,0.70360598065084
2016-10-19,1.83406113537119
2016-10-20,-1.9725557461406602
2016-10-21,0.43744531933509
2016-10-24,-0.43554006968641
2016-10-25,-1.6622922134733198
2016-10-26,-1.33451957295374
2016-10-27,1.08205590622183
2016-10-28,-1.7841213202497899
2016-10-31,-4.35967302452317
2016-11-01,0.37986704653372
2016-11-02,-2.74361400189216
2016-11-03,-1.94552529182879
2016-11-04,-0.99206349206348
2016-11-07,1.8036072144288502
2016-11-08,-0.59055118110237
2016-11-09,1.78217821782178
2016-11-10,-2.33463035019456
2016-11-11,-2.68924302788844
2016-11-14,1.02354145342887
2016-11-15,4.76190476190477
2016-11-16,-1.0638297872340399
2016-11-17,-0.97751710654936
2016-11-18,1.8756169792694999
2016-11-21,4.36046511627906
2016-11-22,-1.29990714948931
2016-11-23,0.37629350893695
2016-11-25,-3.18650421743205
2016-11-28,1.0648596321394
2016-11-29,-3.6398467432950103
2016-11-30,8.648111332007941
2016-12-01,3.65965233302836
2016-12-02,1.32391879964695
2016-12-05,-1.13240418118468
2016-12-06,-0.52863436123348
2016-12-07,-1.7714791851195701
2016-12-08,1.98376916140668
2016-12-09,1.14942528735631
2016-12-12,1.57342657342656
2016-12-13,0.94664371772805
2016-12-14,-3.49531116794544
2016-12-15,0.35335689045936003
2016-12-16,1.6725352112676202
2016-12-19,-0.43290043290044
2016-12-20,1.04347826086957
2016-12-21,-1.5490533562822701
2016-12-22,0.17482517482518
2016-12-23,0.8726003490401301
2016-12-27,1.47058823529411
2016-12-28,0.17050298380221
2016-12-29,-0.25531914893616003
2016-12-30,0.0
2017-01-03,-2.38907849829353
2017-01-04,1.22377622377623
2017-01-05,1.0362694300518198
2017-01-06,-0.17094017094017
2017-01-09,-3.16780821917808
2017-01-10,-2.12201591511937
2017-01-11,2.710027100271
2017-01-12,1.49516270888304
2017-01-13,-1.1265164644713899
2017-01-17,0.17528483786151
2017-01-18,-2.36220472440944
2017-01-19,0.08960573476701
2017-01-20,1.96956132497763
2017-01-23,-0.6145741878841
2017-01-24,0.44169611307418
2017-01-25,-0.52770448548811
2017-01-26,1.9451812555260701
2017-01-27,-1.12749349522983
2017-01-30,-1.05263157894737
2017-01-31,0.35460992907803
2017-02-01,1.41342756183747
2017-02-02,0.26132404181185
2017-02-03,0.26064291920069
2017-02-06,-1.3864818024263301
2017-02-07,-1.66959578207383
2017-02-08,0.35746201966042
2017-02-09,1.0685663401602798
2017-02-10,1.32158590308371
2017-02-13,-1.56521739130434
2017-02-14,0.5300353356890499
2017-02-15,-0.17574692442883
2017-02-16,0.44014084507042006
2017-02-17,-0.17528483786152
2017-02-21,1.31694468832309
2017-02-22,-1.55979202772963
2017-02-23,1.4964788732394299
2017-02-24,-0.60711188204681
2017-02-27,0.087260034904
2017-02-28,-0.1743679163034
2017-03-01,-0.43668122270741005
2017-03-02,-2.01754385964913
2017-03-03,1.07430617726052
2017-03-06,-0.08857395925596999
2017-03-07,-0.0886524822695
2017-03-08,-5.32386867790594
2017-03-09,-1.3120899718837902
2017-03-10,-2.27920227920229
2017-03-13,-0.09718172983479001
2017-03-14,-0.8754863813229499
2017-03-15,1.86457311089305
2017-03-16,-0.19267822736032
2017-03-17,-0.28957528957528
2017-03-20,-0.5808325266215
2017-03-21,-1.55793573515093
2017-03-22,0.09891196834816
2017-03-23,-1.08695652173912
2017-03-24,0.79920079920079
2017-03-27,-0.49554013875124
2017-03-28,1.0956175298805
2017-03-29,2.1674876847290503
2017-03-30,1.9286403085824602
2017-03-31,0.66225165562914
2017-04-03,-0.8458646616541299
2017-04-04,1.51658767772511
2017-04-05,-0.28011204481793
2017-04-06,1.68539325842696
2017-04-07,0.92081031307551
2017-04-10,1.6423357664233602
2017-04-11,0.26929982046677003
2017-04-12,-0.53715308863026
2017-04-13,0.18001800180018002
2017-04-17,-0.62893081761006
2017-04-18,-0.18083182640146
2017-04-19,-3.80434782608695
2017-04-20,-0.7532956685499
2017-04-21,-2.08728652751422
2017-04-24,-0.67829457364341
2017-04-25,1.07317073170732
2017-04-26,-0.96525096525096
2017-04-27,-0.19493177387913
2017-04-28,0.0
2017-05-01,-0.87890625
2017-05-02,-2.26600985221675
2017-05-03,0.10080645161289999
2017-05-04,-4.73313192346424
2017-05-05,2.11416490486258
2017-05-08,0.10351966873705001
2017-05-09,-1.03412616339194
2017-05-10,3.03030303030303
2017-05-11,0.8113590263691701
2017-05-12,0.10060362173038001
2017-05-15,2.21105527638192
2017-05-16,-0.58997050147493
2017-05-17,0.7912957467853501
2017-05-18,0.6869479882237499
2017-05-19,2.14424951267058
2017-05-22,0.57251908396944
2017-05-23,0.9487666034155601
2017-05-24,-0.37593984962407
2017-05-25,-5.2830188679245405
2017-05-26,2.39043824701195
2017-05-30,-0.38910505836574
2017-05-31,-2.73437499999999
2017-06-01,-0.5020080321285201
2017-06-02,-0.50454086781029
2017-06-05,-0.60851926977686
2017-06-06,1.73469387755103
2017-06-07,-5.11534603811434
2017-06-08,-0.3171247357294
2017-06-09,0.63626723223755
2017-06-12,0.31612223393044003
2017-06-13,0.84033613445377
2017-06-14,-3.85416666666666
2017-06-15,-0.54171180931744
2017-06-16,0.65359477124182
2017-06-19,-1.29870129870131
2017-06-20,-1.8640350877193
2017-06-21,-2.6815642458100397
2017-06-22,0.80367393800226
2017-06-23,0.9111617312072801
2017-06-26,0.79006772009029
2017-06-27,1.90369540873461
2017-06-28,1.09890109890109
2017-06-29,0.10869565217392001
2017-06-30,3.14875135722041
2017-07-03,1.26315789473683
2017-07-05,-3.84615384615384
2017-07-06,0.64864864864866
2017-07-07,-2.2556390977443703
2017-07-10,0.32967032967035004
2017-07-11,1.5334063526834398
2017-07-12,0.6472491909385201
2017-07-13,1.5005359056806
2017-07-14,1.2671594508975699
2017-07-17,-1.45985401459855
2017-07-18,0.95238095238094
2017-07-19,1.57232704402517
2017-07-20,-0.82559339525284
2017-07-21,-2.80957336108221
2017-07-24,1.71306209850106
2017-07-25,3.2631578947368602
2017-07-26,1.5290519877675801
2017-07-27,1.00401606425702
2017-07-28,1.09343936381709
2017-07-31,1.08161258603736
2017-08-01,-1.84824902723735
2017-08-02,0.49554013875123
2017-08-03,-1.18343195266273
2017-08-04,1.0978043912175801
2017-08-07,-0.29615004935835004
2017-08-08,-0.39603960396038
2017-08-09,0.89463220675944
2017-08-10,-2.36453201970444
2017-08-11,0.80726538849647
2017-08-14,-2.7027027027027
2017-08-15,0.30864197530864
2017-08-16,-1.84615384615384
2017-08-17,0.5224660397074
2017-08-18,3.63825363825365
2017-08-21,-2.6078234704112297
2017-08-22,0.61791967044282
2017-08-23,1.12589559877176
2017-08-24,-1.7206477732793501
2017-08-25,0.41194644696189
2017-08-28,-2.25641025641027
2017-08-29,-0.73452256033577
2017-08-30,-0.84566596194503
2017-08-31,2.66524520255864
2017-09-01,0.41536863966769
2017-09-05,2.58531540847984
2017-09-06,1.20967741935483
2017-09-07,-0.09960159362549001
2017-09-08,-2.99102691924227
2017-09-11,0.9249743062692699
2017-09-12,0.5091649694500799
2017-09-13,2.02634245187439
2017-09-14,0.59582919563059
2017-09-15,0.69101678183611
2017-09-18,-0.29411764705882
2017-09-19,-0.58997050147493
2017-09-20,1.28585558852623
2017-09-21,0.09765625
2017-09-22,-0.09756097560975001
2017-09-25,3.02734375
2017-09-26,-0.56872037914692
2017-09-27,0.28598665395613
2017-09-28,-0.8555133079847901
2017-09-29,0.0
2017-10-02,-2.10930009587726
2017-10-03,-0.29382957884427996
2017-10-04,-0.98231827111984
2017-10-05,1.68650793650793
2017-10-06,-2.73170731707316
2017-10-09,0.30090270812437003
2017-10-10,2.8000000000000003
2017-10-11,0.77821011673151
2017-10-12,-1.25482625482625
2017-10-13,1.36852394916911
2017-10-16,0.86788813886211
2017-10-17,0.28680688336519
2017-10-18,-0.09532888465204001
2017-10-19,-1.24045801526719
2017-10-20,0.7729468599033901
2017-10-23,-0.09587727708533
2017-10-24,1.15163147792705
2017-10-25,-0.56925996204932
2017-10-26,0.8587786259542001
2017-10-27,2.55439924314096
2017-10-30,0.27675276752767003
2017-10-31,0.55197792088317
2017-11-01,-0.27447392497712003
2017-11-02,0.8256880733944901
2017-11-03,1.7288444040036302
2017-11-06,2.95169946332736
2017-11-07,-0.17376194613378
2017-11-08,-0.69625761531766
2017-11-09,0.43821209465382
2017-11-10,-0.34904013961606
2017-11-13,-0.35026269702276003
2017-11-14,-2.1968365553602798
2017-11-15,-0.35938903863432
2017-11-16,-0.18034265103696
2017-11-17,2.5293586269195902
2017-11-20,-0.61674008810572
2017-11-21,1.06382978723405
2017-11-22,1.7543859649122602
2017-11-24,1.63793103448275
2017-11-27,-1.6963528413909998
2017-11-28,-0.08628127696289001
2017-11-29,-0.9499136442141599
2017-11-30,0.0
2017-12-01,1.7436791630339998
2017-12-04,-1.54241645244215
2017-12-05,0.43516100957352
2017-12-06,-2.94627383015598
2017-12-07,1.16071428571429
2017-12-08,1.41218005295676
2017-12-11,0.9573542210617699
2017-12-12,-1.37931034482759
2017-12-13,-0.96153846153845
2017-12-14,0.8826125330979601
2017-12-15,0.26246719160105
2017-12-18,-0.17452006980803
2017-12-19,0.6118881118881
2017-12-20,0.86880973066898
2017-12-21,0.25839793281654
2017-12-22,0.17182130584191999
2017-12-26,2.48713550600341
2017-12-27,-0.25104602510459
2017-12-28,0.41946308724831
2017-12-29,0.33416875522138
